run_id,experiment_id,status,artifact_uri,start_time,end_time,metrics.power_draw,metrics.loss,metrics.running_time,metrics.power_draw_total,metrics.sparse_categorical_accuracy,metrics.running_time_total,metrics.sparse_top_k_categorical_accuracy,params.architecture,params.n_samples,params.seconds,params.datadir,params.task,params.parameters,params.batchsize,params.software,params.model,params.dataset,params.batch_size,tags.mlflow.source.type,tags.mlflow.source.git.repoURL,tags.mlflow.runName,tags.mlflow.project.env,tags.mlflow.source.name,tags.mlflow.project.entryPoint,tags.mlflow.project.backend,tags.mlflow.user,tags.mlflow.source.git.commit
cd049711fdff4762b0346d6243117433,203913141069193703,FINISHED,file:///home/fischer/repos/ai-energy-validation/mlruns/203913141069193703/cd049711fdff4762b0346d6243117433/artifacts,2025-09-11 14:24:50.932000+00:00,2025-09-11 14:27:47.165000+00:00,7.521940700763469,0.9865365624427795,0.03089512845338523,28884.252290931723,0.7789062261581421,118.63729326099929,0.9312499761581421,13th Gen Intel(R) Core(TM) i9-13900K,3840.0,120,/data/d1/fischer_diss/imagenet,Inference,28589128,16,Tensorflow 2.20.0,ConvNeXtTiny,ImageNet (ILSVRC 2012),16,PROJECT,https://github.com/raphischer/ai-energy-validation.git,hilarious-smelt-38,conda,file:///home/fischer/repos/ai-energy-validation#experiments/imagenet,main.py,local,fischer,18d87126bd281286c450e330e54bf99edbf44806
cc5d2c6019604244ab60ff1a3ee2886a,203913141069193703,FINISHED,file:///home/fischer/repos/ai-energy-validation/mlruns/203913141069193703/cc5d2c6019604244ab60ff1a3ee2886a/artifacts,2025-09-11 14:21:43.707000+00:00,2025-09-11 14:24:47.054000+00:00,13.040198843388513,0.88298499584198,0.05310134453758759,29835.974953672918,0.7985140085220337,121.4958763020004,0.9431818127632141,13th Gen Intel(R) Core(TM) i9-13900K,2288.0,120,/data/d1/fischer_diss/imagenet,Inference,50223688,16,Tensorflow 2.20.0,ConvNeXtSmall,ImageNet (ILSVRC 2012),16,PROJECT,https://github.com/raphischer/ai-energy-validation.git,languid-trout-864,conda,file:///home/fischer/repos/ai-energy-validation#experiments/imagenet,main.py,local,fischer,18d87126bd281286c450e330e54bf99edbf44806
e5fda6dbd9a349168ab4f30c2d5dc361,203913141069193703,FINISHED,file:///home/fischer/repos/ai-energy-validation/mlruns/203913141069193703/e5fda6dbd9a349168ab4f30c2d5dc361/artifacts,2025-09-11 14:18:31.960000+00:00,2025-09-11 14:21:39.589000+00:00,19.49062446191416,0.7263670563697815,0.07952054174473855,29625.74918210952,0.82039475440979,120.8712234520026,0.9605262875556946,13th Gen Intel(R) Core(TM) i9-13900K,1520.0,120,/data/d1/fischer_diss/imagenet,Inference,88591464,16,Tensorflow 2.20.0,ConvNeXtBase,ImageNet (ILSVRC 2012),16,PROJECT,https://github.com/raphischer/ai-energy-validation.git,bedecked-hawk-135,conda,file:///home/fischer/repos/ai-energy-validation#experiments/imagenet,main.py,local,fischer,18d87126bd281286c450e330e54bf99edbf44806
ed7956548de646258a16d5bbd6bf75ab,203913141069193703,FINISHED,file:///home/fischer/repos/ai-energy-validation/mlruns/203913141069193703/ed7956548de646258a16d5bbd6bf75ab/artifacts,2025-09-11 14:15:28.517000+00:00,2025-09-11 14:18:28.059000+00:00,6.6385442683112545,1.44222092628479,0.027300687430581116,28784.7279473976,0.6628229022026062,118.37578069899972,0.8653136491775513,13th Gen Intel(R) Core(TM) i9-13900K,4336.0,120,/data/d1/fischer_diss/imagenet,Inference,143667240,16,Tensorflow 2.20.0,VGG19,ImageNet (ILSVRC 2012),16,PROJECT,https://github.com/raphischer/ai-energy-validation.git,incongruous-eel-474,conda,file:///home/fischer/repos/ai-energy-validation#experiments/imagenet,main.py,local,fischer,18d87126bd281286c450e330e54bf99edbf44806
88d03ee17805476d8516648d245f1eda,203913141069193703,FINISHED,file:///home/fischer/repos/ai-energy-validation/mlruns/203913141069193703/88d03ee17805476d8516648d245f1eda/artifacts,2025-09-11 14:12:22.969000+00:00,2025-09-11 14:15:24.593000+00:00,5.3291626256402616,1.4068248271942139,0.022155199059239166,29416.97769353424,0.6699275374412537,122.2966988070002,0.8644927740097046,13th Gen Intel(R) Core(TM) i9-13900K,5520.0,120,/data/d1/fischer_diss/imagenet,Inference,138357544,16,Tensorflow 2.20.0,VGG16,ImageNet (ILSVRC 2012),16,PROJECT,https://github.com/raphischer/ai-energy-validation.git,masked-croc-803,conda,file:///home/fischer/repos/ai-energy-validation#experiments/imagenet,main.py,local,fischer,18d87126bd281286c450e330e54bf99edbf44806
248846f5e3b146fe80f505ab2ba18a10,203913141069193703,FINISHED,file:///home/fischer/repos/ai-energy-validation/mlruns/203913141069193703/248846f5e3b146fe80f505ab2ba18a10/artifacts,2025-09-11 14:09:26.066000+00:00,2025-09-11 14:12:18.971000+00:00,4.707021176684002,0.9785088300704956,0.0194739550164819,28844.625770719562,0.7803524732589722,119.33639634100108,0.9335835576057434,13th Gen Intel(R) Core(TM) i9-13900K,6128.0,120,/data/d1/fischer_diss/imagenet,Inference,22910480,16,Tensorflow 2.20.0,Xception,ImageNet (ILSVRC 2012),16,PROJECT,https://github.com/raphischer/ai-energy-validation.git,awesome-shrimp-970,conda,file:///home/fischer/repos/ai-energy-validation#experiments/imagenet,main.py,local,fischer,18d87126bd281286c450e330e54bf99edbf44806
c7e5a060893b4c0ca9feb4b2d45e8580,203913141069193703,FINISHED,file:///home/fischer/repos/ai-energy-validation/mlruns/203913141069193703/c7e5a060893b4c0ca9feb4b2d45e8580/artifacts,2025-09-11 14:06:39.428000+00:00,2025-09-11 14:09:21.930000+00:00,0.6948413698160566,1.3485722541809082,0.0026107973437070006,32329.579254801483,0.6950438618659973,121.47517880799931,0.8809748888015747,13th Gen Intel(R) Core(TM) i9-13900K,46528.0,120,/data/d1/fischer_diss/imagenet,Inference,5326716,16,Tensorflow 2.20.0,NASNetMobile,ImageNet (ILSVRC 2012),16,PROJECT,https://github.com/raphischer/ai-energy-validation.git,industrious-roo-910,conda,file:///home/fischer/repos/ai-energy-validation#experiments/imagenet,main.py,local,fischer,18d87126bd281286c450e330e54bf99edbf44806
736c3efe72484788b000f3824f69a9e9,203913141069193703,FINISHED,file:///home/fischer/repos/ai-energy-validation/mlruns/203913141069193703/736c3efe72484788b000f3824f69a9e9/artifacts,2025-09-11 14:03:37.142000+00:00,2025-09-11 14:06:35.563000+00:00,5.439946888205828,0.7188916206359863,0.02196979665175956,29680.350222050998,0.8330278396606445,119.86721053200016,0.9646260738372803,13th Gen Intel(R) Core(TM) i9-13900K,5456.0,120,/data/d1/fischer_diss/imagenet,Inference,21612360,16,Tensorflow 2.20.0,EfficientNetV2S,ImageNet (ILSVRC 2012),16,PROJECT,https://github.com/raphischer/ai-energy-validation.git,nimble-mole-412,conda,file:///home/fischer/repos/ai-energy-validation#experiments/imagenet,main.py,local,fischer,18d87126bd281286c450e330e54bf99edbf44806
e6523c59372b419881d836d863e423c3,203913141069193703,FINISHED,file:///home/fischer/repos/ai-energy-validation/mlruns/203913141069193703/e6523c59372b419881d836d863e423c3/artifacts,2025-09-11 14:00:44.533000+00:00,2025-09-11 14:03:33.242000+00:00,2.165731106597851,0.8165580034255981,0.008650278048587314,30354.887190075482,0.8097888231277466,121.24229712899978,0.9504138231277466,13th Gen Intel(R) Core(TM) i9-13900K,14016.0,120,/data/d1/fischer_diss/imagenet,Inference,14467622,16,Tensorflow 2.20.0,EfficientNetV2B3,ImageNet (ILSVRC 2012),16,PROJECT,https://github.com/raphischer/ai-energy-validation.git,painted-gull-665,conda,file:///home/fischer/repos/ai-energy-validation#experiments/imagenet,main.py,local,fischer,18d87126bd281286c450e330e54bf99edbf44806
540007e28b434959bb8e20dde3f5f095,203913141069193703,FINISHED,file:///home/fischer/repos/ai-energy-validation/mlruns/203913141069193703/540007e28b434959bb8e20dde3f5f095/artifacts,2025-09-11 13:57:58.794000+00:00,2025-09-11 14:00:40.504000+00:00,1.3277600722505194,0.9573217034339905,0.005245046031183747,30060.48803575176,0.7781802415847778,118.74784214600004,0.9301678538322449,13th Gen Intel(R) Core(TM) i9-13900K,22640.0,120,/data/d1/fischer_diss/imagenet,Inference,10178374,16,Tensorflow 2.20.0,EfficientNetV2B2,ImageNet (ILSVRC 2012),16,PROJECT,https://github.com/raphischer/ai-energy-validation.git,beautiful-hog-801,conda,file:///home/fischer/repos/ai-energy-validation#experiments/imagenet,main.py,local,fischer,18d87126bd281286c450e330e54bf99edbf44806
4b812f1a55204e00a849e4804efb32bf,203913141069193703,FINISHED,file:///home/fischer/repos/ai-energy-validation/mlruns/203913141069193703/4b812f1a55204e00a849e4804efb32bf/artifacts,2025-09-11 13:55:09.702000+00:00,2025-09-11 13:57:55.153000+00:00,1.011701449907838,1.0270346403121948,0.00394776748600559,31953.57859388916,0.7611448764801025,124.68628827800056,0.9223340749740601,13th Gen Intel(R) Core(TM) i9-13900K,31584.0,120,/data/d1/fischer_diss/imagenet,Inference,8212124,16,Tensorflow 2.20.0,EfficientNetV2B1,ImageNet (ILSVRC 2012),16,PROJECT,https://github.com/raphischer/ai-energy-validation.git,trusting-horse-255,conda,file:///home/fischer/repos/ai-energy-validation#experiments/imagenet,main.py,local,fischer,18d87126bd281286c450e330e54bf99edbf44806
2418bb1507274e09bc3d2080d5da5cb0,203913141069193703,FINISHED,file:///home/fischer/repos/ai-energy-validation/mlruns/203913141069193703/2418bb1507274e09bc3d2080d5da5cb0/artifacts,2025-09-11 13:52:35.164000+00:00,2025-09-11 13:55:05.777000+00:00,0.47820910369732134,1.1216380596160889,0.0034714999398590095,15203.22382474524,0.7399660348892212,110.36592608799764,0.9103547930717468,13th Gen Intel(R) Core(TM) i9-13900K,31792.0,120,/data/d1/fischer_diss/imagenet,Inference,7200312,16,Tensorflow 2.20.0,EfficientNetV2B0,ImageNet (ILSVRC 2012),16,PROJECT,https://github.com/raphischer/ai-energy-validation.git,aged-shark-383,conda,file:///home/fischer/repos/ai-energy-validation#experiments/imagenet,main.py,local,fischer,18d87126bd281286c450e330e54bf99edbf44806
bc4ffdcfcdae4502b8260b4ce8aca323,203913141069193703,FINISHED,file:///home/fischer/repos/ai-energy-validation/mlruns/203913141069193703/bc4ffdcfcdae4502b8260b4ce8aca323/artifacts,2025-09-11 13:49:30.244000+00:00,2025-09-11 13:52:31.275000+00:00,7.4808723087469415,0.8575690984725952,0.029722160682843193,30521.95901968752,0.8252450823783875,121.26641558600022,0.9602941274642944,13th Gen Intel(R) Core(TM) i9-13900K,4080.0,120,/data/d1/fischer_diss/imagenet,Inference,19466823,16,Tensorflow 2.20.0,EfficientNetB4,ImageNet (ILSVRC 2012),16,PROJECT,https://github.com/raphischer/ai-energy-validation.git,skittish-gull-755,conda,file:///home/fischer/repos/ai-energy-validation#experiments/imagenet,main.py,local,fischer,18d87126bd281286c450e330e54bf99edbf44806
23a1ad1cb07b4e70a3151cd203008da4,203913141069193703,FINISHED,file:///home/fischer/repos/ai-energy-validation/mlruns/203913141069193703/23a1ad1cb07b4e70a3151cd203008da4/artifacts,2025-09-11 13:46:35.058000+00:00,2025-09-11 13:49:26.416000+00:00,3.2776552299029738,0.8438083529472351,0.012800684649030324,30416.640533499598,0.8102370500564575,118.7903535430014,0.9497844576835632,13th Gen Intel(R) Core(TM) i9-13900K,9280.0,120,/data/d1/fischer_diss/imagenet,Inference,12320535,16,Tensorflow 2.20.0,EfficientNetB3,ImageNet (ILSVRC 2012),16,PROJECT,https://github.com/raphischer/ai-energy-validation.git,debonair-finch-658,conda,file:///home/fischer/repos/ai-energy-validation#experiments/imagenet,main.py,local,fischer,18d87126bd281286c450e330e54bf99edbf44806
fc8543479856421c83e39fdb30e3f3f6,203913141069193703,FINISHED,file:///home/fischer/repos/ai-energy-validation/mlruns/203913141069193703/fc8543479856421c83e39fdb30e3f3f6/artifacts,2025-09-11 13:43:44.398000+00:00,2025-09-11 13:46:31.142000+00:00,1.7119235498813943,0.9932812452316284,0.006567506295479431,31280.267103432838,0.7750109434127808,120.00147503100015,0.9320271611213684,13th Gen Intel(R) Core(TM) i9-13900K,18272.0,120,/data/d1/fischer_diss/imagenet,Inference,9177569,16,Tensorflow 2.20.0,EfficientNetB2,ImageNet (ILSVRC 2012),16,PROJECT,https://github.com/raphischer/ai-energy-validation.git,popular-goat-618,conda,file:///home/fischer/repos/ai-energy-validation#experiments/imagenet,main.py,local,fischer,18d87126bd281286c450e330e54bf99edbf44806
23c0ebd364244d63a18c159892bdfc45,203913141069193703,FINISHED,file:///home/fischer/repos/ai-energy-validation/mlruns/203913141069193703/23c0ebd364244d63a18c159892bdfc45/artifacts,2025-09-11 13:40:59.963000+00:00,2025-09-11 13:43:40.546000+00:00,0.8155636969510498,1.2657541036605835,0.003426140760264165,28525.155864559918,0.7158051133155823,119.83269923099942,0.8952996134757996,13th Gen Intel(R) Core(TM) i9-13900K,34976.0,120,/data/d1/fischer_diss/imagenet,Inference,5330571,16,Tensorflow 2.20.0,EfficientNetB0,ImageNet (ILSVRC 2012),16,PROJECT,https://github.com/raphischer/ai-energy-validation.git,clean-bear-996,conda,file:///home/fischer/repos/ai-energy-validation#experiments/imagenet,main.py,local,fischer,18d87126bd281286c450e330e54bf99edbf44806
b4f785bd57314d3da43c57e4ff040e19,203913141069193703,FINISHED,file:///home/fischer/repos/ai-energy-validation/mlruns/203913141069193703/b4f785bd57314d3da43c57e4ff040e19/artifacts,2025-09-11 13:38:23.244000+00:00,2025-09-11 13:40:56.232000+00:00,0.1355842517046472,1.658929705619812,0.0031695508340449582,4826.79936068544,0.6340168714523315,112.83600969200052,0.8394944071769714,13th Gen Intel(R) Core(TM) i9-13900K,35600.0,120,/data/d1/fischer_diss/imagenet,Inference,2554968,16,Tensorflow 2.20.0,MobileNetV3Small,ImageNet (ILSVRC 2012),16,PROJECT,https://github.com/raphischer/ai-energy-validation.git,amusing-doe-572,conda,file:///home/fischer/repos/ai-energy-validation#experiments/imagenet,main.py,local,fischer,18d87126bd281286c450e330e54bf99edbf44806
8111cf061c2f4528bb5b0acb6b75559a,203913141069193703,FINISHED,file:///home/fischer/repos/ai-energy-validation/mlruns/203913141069193703/8111cf061c2f4528bb5b0acb6b75559a/artifacts,2025-09-11 13:35:46.079000+00:00,2025-09-11 13:38:19.502000+00:00,0.26352366806216737,1.28396475315094,0.00572105740668477,4848.83549234388,0.7120108604431152,105.26745628299976,0.8923913240432739,13th Gen Intel(R) Core(TM) i9-13900K,18400.0,120,/data/d1/fischer_diss/imagenet,Inference,5507432,16,Tensorflow 2.20.0,MobileNetV3Large,ImageNet (ILSVRC 2012),16,PROJECT,https://github.com/raphischer/ai-energy-validation.git,carefree-shad-346,conda,file:///home/fischer/repos/ai-energy-validation#experiments/imagenet,main.py,local,fischer,18d87126bd281286c450e330e54bf99edbf44806
f733dd3dc9b3436cb1eb11e490e97f17,203913141069193703,FINISHED,file:///home/fischer/repos/ai-energy-validation/mlruns/203913141069193703/f733dd3dc9b3436cb1eb11e490e97f17/artifacts,2025-09-11 13:33:22.774000+00:00,2025-09-11 13:35:42.392000+00:00,0.6443473366317531,1.7854846715927124,0.0023965664608465386,27433.73220443352,0.6159573197364807,102.03621363700222,0.826968252658844,13th Gen Intel(R) Core(TM) i9-13900K,42576.0,120,/data/d1/fischer_diss/imagenet,Inference,3538984,16,Tensorflow 2.20.0,MobileNetV2,ImageNet (ILSVRC 2012),16,PROJECT,https://github.com/raphischer/ai-energy-validation.git,upbeat-kite-451,conda,file:///home/fischer/repos/ai-energy-validation#experiments/imagenet,main.py,local,fischer,18d87126bd281286c450e330e54bf99edbf44806
99aae156d7024b2c93d7078697c962e8,203913141069193703,FINISHED,file:///home/fischer/repos/ai-energy-validation/mlruns/203913141069193703/99aae156d7024b2c93d7078697c962e8/artifacts,2025-09-11 13:30:43.449000+00:00,2025-09-11 13:33:19.016000+00:00,0.5525921054216785,1.8113566637039185,0.002152830094329999,30485.40127190316,0.6130183935165405,118.7673306439974,0.8229227066040039,13th Gen Intel(R) Core(TM) i9-13900K,55168.0,120,/data/d1/fischer_diss/imagenet,Inference,4253864,16,Tensorflow 2.20.0,MobileNet,ImageNet (ILSVRC 2012),16,PROJECT,https://github.com/raphischer/ai-energy-validation.git,overjoyed-snipe-688,conda,file:///home/fischer/repos/ai-energy-validation#experiments/imagenet,main.py,local,fischer,18d87126bd281286c450e330e54bf99edbf44806
a91ffe2148984f2c8116723ce9b7aead,203913141069193703,FINISHED,file:///home/fischer/repos/ai-energy-validation/mlruns/203913141069193703/a91ffe2148984f2c8116723ce9b7aead/artifacts,2025-09-11 13:27:51.589000+00:00,2025-09-11 13:30:39.717000+00:00,2.303891100431583,1.0102401971817017,0.009161272181486239,30263.913495269277,0.7691839337348938,120.34247137600325,0.9298111796379089,13th Gen Intel(R) Core(TM) i9-13900K,13136.0,120,/data/d1/fischer_diss/imagenet,Inference,23851784,16,Tensorflow 2.20.0,InceptionV3,ImageNet (ILSVRC 2012),16,PROJECT,https://github.com/raphischer/ai-energy-validation.git,luminous-rook-345,conda,file:///home/fischer/repos/ai-energy-validation#experiments/imagenet,main.py,local,fischer,18d87126bd281286c450e330e54bf99edbf44806
0cb08d22d13e4049a1e67a4cd6bad5cc,203913141069193703,FINISHED,file:///home/fischer/repos/ai-energy-validation/mlruns/203913141069193703/0cb08d22d13e4049a1e67a4cd6bad5cc/artifacts,2025-09-11 13:24:48.198000+00:00,2025-09-11 13:27:47.813000+00:00,5.622807388870976,0.9174167513847351,0.02281193866177593,29508.493176794884,0.7898247241973877,119.71705409700007,0.9415014982223511,13th Gen Intel(R) Core(TM) i9-13900K,5248.0,120,/data/d1/fischer_diss/imagenet,Inference,55873736,16,Tensorflow 2.20.0,InceptionResNetV2,ImageNet (ILSVRC 2012),16,PROJECT,https://github.com/raphischer/ai-energy-validation.git,angry-wolf-29,conda,file:///home/fischer/repos/ai-energy-validation#experiments/imagenet,main.py,local,fischer,18d87126bd281286c450e330e54bf99edbf44806
ec6de8b96f90402d9dcb12140b041db2,203913141069193703,FINISHED,file:///home/fischer/repos/ai-energy-validation/mlruns/203913141069193703/ec6de8b96f90402d9dcb12140b041db2/artifacts,2025-09-11 13:21:45.290000+00:00,2025-09-11 13:24:44.574000+00:00,4.521146375215322,1.761354923248291,0.018698415755157658,29803.396905419402,0.6764259934425354,123.25995665799928,0.8683252334594727,13th Gen Intel(R) Core(TM) i9-13900K,6592.0,120,/data/d1/fischer_diss/imagenet,Inference,60380648,16,Tensorflow 2.20.0,ResNet152V2,ImageNet (ILSVRC 2012),16,PROJECT,https://github.com/raphischer/ai-energy-validation.git,enchanting-lynx-390,conda,file:///home/fischer/repos/ai-energy-validation#experiments/imagenet,main.py,local,fischer,18d87126bd281286c450e330e54bf99edbf44806
c5d8f36fc20a459fbb088639f8dc1d78,203913141069193703,FINISHED,file:///home/fischer/repos/ai-energy-validation/mlruns/203913141069193703/c5d8f36fc20a459fbb088639f8dc1d78/artifacts,2025-09-11 13:18:48.479000+00:00,2025-09-11 13:21:41.540000+00:00,3.023627610910561,1.7491298913955688,0.012474013057019506,28688.178772319403,0.6747470498085022,118.35343588500108,0.873735249042511,13th Gen Intel(R) Core(TM) i9-13900K,9488.0,120,/data/d1/fischer_diss/imagenet,Inference,44675560,16,Tensorflow 2.20.0,ResNet101V2,ImageNet (ILSVRC 2012),16,PROJECT,https://github.com/raphischer/ai-energy-validation.git,clumsy-kite-21,conda,file:///home/fischer/repos/ai-energy-validation#experiments/imagenet,main.py,local,fischer,18d87126bd281286c450e330e54bf99edbf44806
149a62e698b94be3a2407b17b8d19708,203913141069193703,FINISHED,file:///home/fischer/repos/ai-energy-validation/mlruns/203913141069193703/149a62e698b94be3a2407b17b8d19708/artifacts,2025-09-11 13:15:55.869000+00:00,2025-09-11 13:18:44.782000+00:00,1.681204459415943,1.7943453788757324,0.006766259760048678,30449.97516894156,0.6537102460861206,122.55049677400166,0.8565592169761658,13th Gen Intel(R) Core(TM) i9-13900K,18112.0,120,/data/d1/fischer_diss/imagenet,Inference,25613800,16,Tensorflow 2.20.0,ResNet50V2,ImageNet (ILSVRC 2012),16,PROJECT,https://github.com/raphischer/ai-energy-validation.git,painted-lynx-191,conda,file:///home/fischer/repos/ai-energy-validation#experiments/imagenet,main.py,local,fischer,18d87126bd281286c450e330e54bf99edbf44806
da4f277f02604bfba80806e39234ccd6,203913141069193703,FINISHED,file:///home/fischer/repos/ai-energy-validation/mlruns/203913141069193703/da4f277f02604bfba80806e39234ccd6/artifacts,2025-09-11 13:12:52.602000+00:00,2025-09-11 13:15:52.247000+00:00,4.81604050731304,1.222561240196228,0.019782510416447813,29281.52628446328,0.7281249761581421,120.2776633320027,0.9004934430122375,13th Gen Intel(R) Core(TM) i9-13900K,6080.0,120,/data/d1/fischer_diss/imagenet,Inference,60419944,16,Tensorflow 2.20.0,ResNet152,ImageNet (ILSVRC 2012),16,PROJECT,https://github.com/raphischer/ai-energy-validation.git,resilient-ox-196,conda,file:///home/fischer/repos/ai-energy-validation#experiments/imagenet,main.py,local,fischer,18d87126bd281286c450e330e54bf99edbf44806
96601a9b61a248e3b6c4a362bce67b2b,203913141069193703,FINISHED,file:///home/fischer/repos/ai-energy-validation/mlruns/203913141069193703/96601a9b61a248e3b6c4a362bce67b2b/artifacts,2025-09-11 13:09:53.969000+00:00,2025-09-11 13:12:48.196000+00:00,3.365463533405492,1.2359850406646729,0.013678166431693922,29562.23167743384,0.7208561301231384,120.1490139359994,0.8983379006385803,13th Gen Intel(R) Core(TM) i9-13900K,8784.0,120,/data/d1/fischer_diss/imagenet,Inference,44707176,16,Tensorflow 2.20.0,ResNet101,ImageNet (ILSVRC 2012),16,PROJECT,https://github.com/raphischer/ai-energy-validation.git,grandiose-crab-935,conda,file:///home/fischer/repos/ai-energy-validation#experiments/imagenet,main.py,local,fischer,18d87126bd281286c450e330e54bf99edbf44806
4ca991914b6149d7bac5dc444a38c371,203913141069193703,FINISHED,file:///home/fischer/repos/ai-energy-validation/mlruns/203913141069193703/4ca991914b6149d7bac5dc444a38c371/artifacts,2025-09-11 13:07:02.978000+00:00,2025-09-11 13:09:50.595000+00:00,1.939908817641116,1.340744137763977,0.00783915051186116,29765.96089788528,0.699556827545166,120.28392545399764,0.8835375308990479,13th Gen Intel(R) Core(TM) i9-13900K,15344.0,120,/data/d1/fischer_diss/imagenet,Inference,25636712,16,Tensorflow 2.20.0,ResNet50,ImageNet (ILSVRC 2012),16,PROJECT,https://github.com/raphischer/ai-energy-validation.git,treasured-frog-495,conda,file:///home/fischer/repos/ai-energy-validation#experiments/imagenet,main.py,local,fischer,18d87126bd281286c450e330e54bf99edbf44806
6b2901a66b61471ea3a442f890816349,203913141069193703,FINISHED,file:///home/fischer/repos/ai-energy-validation/mlruns/203913141069193703/6b2901a66b61471ea3a442f890816349/artifacts,2025-09-11 13:04:09.357000+00:00,2025-09-11 13:06:59.446000+00:00,2.8724957132973037,1.1483795642852783,0.01121576678247725,30425.47459524504,0.7336668968200684,118.79740175999903,0.9037008881568909,13th Gen Intel(R) Core(TM) i9-13900K,10592.0,120,/data/d1/fischer_diss/imagenet,Inference,20242984,16,Tensorflow 2.20.0,DenseNet201,ImageNet (ILSVRC 2012),16,PROJECT,https://github.com/raphischer/ai-energy-validation.git,sneaky-flea-408,conda,file:///home/fischer/repos/ai-energy-validation#experiments/imagenet,main.py,local,fischer,18d87126bd281286c450e330e54bf99edbf44806
c89e2fd07e3a4e33a62e0c2a17d189c6,203913141069193703,FINISHED,file:///home/fischer/repos/ai-energy-validation/mlruns/203913141069193703/c89e2fd07e3a4e33a62e0c2a17d189c6/artifacts,2025-09-11 13:01:16.884000+00:00,2025-09-11 13:04:05.590000+00:00,1.9327633959241584,1.3008944988250732,0.007674806833228649,30769.5932631126,0.6908919811248779,122.18292478500008,0.8820351958274841,13th Gen Intel(R) Core(TM) i9-13900K,15920.0,120,/data/d1/fischer_diss/imagenet,Inference,8062504,16,Tensorflow 2.20.0,DenseNet121,ImageNet (ILSVRC 2012),16,PROJECT,https://github.com/raphischer/ai-energy-validation.git,loud-cat-499,conda,file:///home/fischer/repos/ai-energy-validation#experiments/imagenet,main.py,local,fischer,18d87126bd281286c450e330e54bf99edbf44806
91eddb55eacd434da0b1efad339e6023,203913141069193703,FINISHED,file:///home/fischer/repos/ai-energy-validation/mlruns/203913141069193703/91eddb55eacd434da0b1efad339e6023/artifacts,2025-09-11 12:58:28.478000+00:00,2025-09-11 13:01:13.276000+00:00,8.998413192660713,0.9943518042564392,0.03553746708977378,30270.661980110643,0.7776456475257874,119.548039289999,0.9301427006721497,13th Gen Intel(R) Core(TM) i9-13900K,3364.0,120,/data/d1/fischer_diss/imagenet,Inference,28589128,4,Tensorflow 2.20.0,ConvNeXtTiny,ImageNet (ILSVRC 2012),4,PROJECT,https://github.com/raphischer/ai-energy-validation.git,defiant-deer-775,conda,file:///home/fischer/repos/ai-energy-validation#experiments/imagenet,main.py,local,fischer,18d87126bd281286c450e330e54bf99edbf44806
b698793123b4405699d54595f9e20351,203913141069193703,FINISHED,file:///home/fischer/repos/ai-energy-validation/mlruns/203913141069193703/b698793123b4405699d54595f9e20351/artifacts,2025-09-11 12:55:27.005000+00:00,2025-09-11 12:58:24.944000+00:00,15.293278881233496,0.8685686588287354,0.07192707615617627,26243.26656019668,0.8018648028373718,123.42686268399848,0.9481351971626282,13th Gen Intel(R) Core(TM) i9-13900K,1716.0,120,/data/d1/fischer_diss/imagenet,Inference,50223688,4,Tensorflow 2.20.0,ConvNeXtSmall,ImageNet (ILSVRC 2012),4,PROJECT,https://github.com/raphischer/ai-energy-validation.git,gaudy-stork-199,conda,file:///home/fischer/repos/ai-energy-validation#experiments/imagenet,main.py,local,fischer,18d87126bd281286c450e330e54bf99edbf44806
74e7f84ae9ce4b398875d84860c9457d,203913141069193703,FINISHED,file:///home/fischer/repos/ai-energy-validation/mlruns/203913141069193703/74e7f84ae9ce4b398875d84860c9457d/artifacts,2025-09-11 12:52:24.304000+00:00,2025-09-11 12:55:23.338000+00:00,21.127396669071175,0.7370290160179138,0.0844048396050411,30169.92244343364,0.8172268867492676,120.53011095599868,0.9593837261199951,13th Gen Intel(R) Core(TM) i9-13900K,1428.0,120,/data/d1/fischer_diss/imagenet,Inference,88591464,4,Tensorflow 2.20.0,ConvNeXtBase,ImageNet (ILSVRC 2012),4,PROJECT,https://github.com/raphischer/ai-energy-validation.git,auspicious-trout-767,conda,file:///home/fischer/repos/ai-energy-validation#experiments/imagenet,main.py,local,fischer,18d87126bd281286c450e330e54bf99edbf44806
bfc473051e084fda89c6c332e502b783,203913141069193703,FINISHED,file:///home/fischer/repos/ai-energy-validation/mlruns/203913141069193703/bfc473051e084fda89c6c332e502b783/artifacts,2025-09-11 12:49:29.502000+00:00,2025-09-11 12:52:20.659000+00:00,7.506244062101592,1.4347702264785767,0.0311284043390053,28673.85231722808,0.6641361117362976,118.91050457500025,0.8651832342147827,13th Gen Intel(R) Core(TM) i9-13900K,3820.0,120,/data/d1/fischer_diss/imagenet,Inference,143667240,4,Tensorflow 2.20.0,VGG19,ImageNet (ILSVRC 2012),4,PROJECT,https://github.com/raphischer/ai-energy-validation.git,angry-flea-526,conda,file:///home/fischer/repos/ai-energy-validation#experiments/imagenet,main.py,local,fischer,18d87126bd281286c450e330e54bf99edbf44806
4442a9efb7c447cda99bfcf3292b7529,203913141069193703,FINISHED,file:///home/fischer/repos/ai-energy-validation/mlruns/203913141069193703/4442a9efb7c447cda99bfcf3292b7529/artifacts,2025-09-11 12:46:53.805000+00:00,2025-09-11 12:49:25.911000+00:00,6.209070536600982,1.4136791229248047,0.02543569478149807,25034.97240357516,0.6711309552192688,102.55672135900022,0.8648313283920288,13th Gen Intel(R) Core(TM) i9-13900K,4032.0,120,/data/d1/fischer_diss/imagenet,Inference,138357544,4,Tensorflow 2.20.0,VGG16,ImageNet (ILSVRC 2012),4,PROJECT,https://github.com/raphischer/ai-energy-validation.git,placid-bear-432,conda,file:///home/fischer/repos/ai-energy-validation#experiments/imagenet,main.py,local,fischer,18d87126bd281286c450e330e54bf99edbf44806
715059f6e61c41f69ccc8a8bf263200a,203913141069193703,FINISHED,file:///home/fischer/repos/ai-energy-validation/mlruns/203913141069193703/715059f6e61c41f69ccc8a8bf263200a/artifacts,2025-09-11 12:44:06.336000+00:00,2025-09-11 12:46:50.209000+00:00,4.4829324552181555,0.9749944806098938,0.017500629943246714,31201.20988831836,0.7804597616195679,121.80438440499712,0.9349138140678406,13th Gen Intel(R) Core(TM) i9-13900K,6960.0,120,/data/d1/fischer_diss/imagenet,Inference,22910480,4,Tensorflow 2.20.0,Xception,ImageNet (ILSVRC 2012),4,PROJECT,https://github.com/raphischer/ai-energy-validation.git,spiffy-kite-201,conda,file:///home/fischer/repos/ai-energy-validation#experiments/imagenet,main.py,local,fischer,18d87126bd281286c450e330e54bf99edbf44806
70af8a14fb274dbca996b041ea395448,203913141069193703,FINISHED,file:///home/fischer/repos/ai-energy-validation/mlruns/203913141069193703/70af8a14fb274dbca996b041ea395448/artifacts,2025-09-11 12:41:19.755000+00:00,2025-09-11 12:44:02.712000+00:00,0.6356010422879412,1.316193699836731,0.013696045976423725,5445.82973032308,0.7042483687400818,117.34772192599848,0.8836367726325989,13th Gen Intel(R) Core(TM) i9-13900K,8568.0,120,/data/d1/fischer_diss/imagenet,Inference,5326716,4,Tensorflow 2.20.0,NASNetMobile,ImageNet (ILSVRC 2012),4,PROJECT,https://github.com/raphischer/ai-energy-validation.git,popular-mole-284,conda,file:///home/fischer/repos/ai-energy-validation#experiments/imagenet,main.py,local,fischer,18d87126bd281286c450e330e54bf99edbf44806
1522ad897f1942c79da24be745355017,203913141069193703,FINISHED,file:///home/fischer/repos/ai-energy-validation/mlruns/203913141069193703/1522ad897f1942c79da24be745355017/artifacts,2025-09-11 12:38:24.166000+00:00,2025-09-11 12:41:16.287000+00:00,5.961127885265592,0.7189076542854309,0.02320246402266096,32619.29178817332,0.8329678177833557,126.96388313200076,0.9647295475006104,13th Gen Intel(R) Core(TM) i9-13900K,5472.0,120,/data/d1/fischer_diss/imagenet,Inference,21612360,4,Tensorflow 2.20.0,EfficientNetV2S,ImageNet (ILSVRC 2012),4,PROJECT,https://github.com/raphischer/ai-energy-validation.git,receptive-turtle-332,conda,file:///home/fischer/repos/ai-energy-validation#experiments/imagenet,main.py,local,fischer,18d87126bd281286c450e330e54bf99edbf44806
2f8dd354e3c64153b82543f5f60834f9,203913141069193703,FINISHED,file:///home/fischer/repos/ai-energy-validation/mlruns/203913141069193703/2f8dd354e3c64153b82543f5f60834f9/artifacts,2025-09-11 12:35:29.546000+00:00,2025-09-11 12:38:20.651000+00:00,1.6787002182418052,0.857685387134552,0.03615131654753312,5579.99952543576,0.7999398112297058,120.1669762040001,0.945246696472168,13th Gen Intel(R) Core(TM) i9-13900K,3324.0,120,/data/d1/fischer_diss/imagenet,Inference,14467622,4,Tensorflow 2.20.0,EfficientNetV2B3,ImageNet (ILSVRC 2012),4,PROJECT,https://github.com/raphischer/ai-energy-validation.git,crawling-grouse-890,conda,file:///home/fischer/repos/ai-energy-validation#experiments/imagenet,main.py,local,fischer,18d87126bd281286c450e330e54bf99edbf44806
d14392d3a50f415e8035c5a3f80f9c43,203913141069193703,FINISHED,file:///home/fischer/repos/ai-energy-validation/mlruns/203913141069193703/d14392d3a50f415e8035c5a3f80f9c43/artifacts,2025-09-11 12:32:38.284000+00:00,2025-09-11 12:35:26.025000+00:00,1.1754524432571554,0.964325487613678,0.029362423707677016,4777.03872939708,0.7782972455024719,119.3288899479994,0.9264271855354309,13th Gen Intel(R) Core(TM) i9-13900K,4064.0,120,/data/d1/fischer_diss/imagenet,Inference,10178374,4,Tensorflow 2.20.0,EfficientNetV2B2,ImageNet (ILSVRC 2012),4,PROJECT,https://github.com/raphischer/ai-energy-validation.git,smiling-pug-446,conda,file:///home/fischer/repos/ai-energy-validation#experiments/imagenet,main.py,local,fischer,18d87126bd281286c450e330e54bf99edbf44806
1cc14842064d49e5b9a457e4d1123e1d,203913141069193703,FINISHED,file:///home/fischer/repos/ai-energy-validation/mlruns/203913141069193703/1cc14842064d49e5b9a457e4d1123e1d/artifacts,2025-09-11 12:29:45.430000+00:00,2025-09-11 12:32:34.883000+00:00,0.875603279362148,1.0309882164001465,0.021003520512091162,4924.39284313272,0.7574679851531982,118.1237993600007,0.9235419631004333,13th Gen Intel(R) Core(TM) i9-13900K,5624.0,120,/data/d1/fischer_diss/imagenet,Inference,8212124,4,Tensorflow 2.20.0,EfficientNetV2B1,ImageNet (ILSVRC 2012),4,PROJECT,https://github.com/raphischer/ai-energy-validation.git,abrasive-horse-1,conda,file:///home/fischer/repos/ai-energy-validation#experiments/imagenet,main.py,local,fischer,18d87126bd281286c450e330e54bf99edbf44806
a89c429b9ab64bb397e819100f308ceb,203913141069193703,FINISHED,file:///home/fischer/repos/ai-energy-validation/mlruns/203913141069193703/a89c429b9ab64bb397e819100f308ceb/artifacts,2025-09-11 12:26:52.962000+00:00,2025-09-11 12:29:41.947000+00:00,0.6930881310941268,1.1221256256103516,0.017949183207386223,4635.37342075752,0.7450658082962036,120.04413729099906,0.9066985845565796,13th Gen Intel(R) Core(TM) i9-13900K,6688.0,120,/data/d1/fischer_diss/imagenet,Inference,7200312,4,Tensorflow 2.20.0,EfficientNetV2B0,ImageNet (ILSVRC 2012),4,PROJECT,https://github.com/raphischer/ai-energy-validation.git,abundant-elk-451,conda,file:///home/fischer/repos/ai-energy-validation#experiments/imagenet,main.py,local,fischer,18d87126bd281286c450e330e54bf99edbf44806
22d9bd3954364e01805109c721abdaf7,203913141069193703,FINISHED,file:///home/fischer/repos/ai-energy-validation/mlruns/203913141069193703/22d9bd3954364e01805109c721abdaf7/artifacts,2025-09-11 12:24:01.872000+00:00,2025-09-11 12:26:49.576000+00:00,6.280652071254212,0.8605149984359741,0.024187302864313597,32031.325563396484,0.8245097994804382,123.35524460799934,0.9594117403030396,13th Gen Intel(R) Core(TM) i9-13900K,5100.0,120,/data/d1/fischer_diss/imagenet,Inference,19466823,4,Tensorflow 2.20.0,EfficientNetB4,ImageNet (ILSVRC 2012),4,PROJECT,https://github.com/raphischer/ai-energy-validation.git,amusing-swan-283,conda,file:///home/fischer/repos/ai-energy-validation#experiments/imagenet,main.py,local,fischer,18d87126bd281286c450e330e54bf99edbf44806
d877435ef99e4911afb38f4fcae16d69,203913141069193703,FINISHED,file:///home/fischer/repos/ai-energy-validation/mlruns/203913141069193703/d877435ef99e4911afb38f4fcae16d69/artifacts,2025-09-11 12:20:59.822000+00:00,2025-09-11 12:23:58.301000+00:00,1.6257208215384522,0.9000837206840515,0.03488300036414297,5839.58919096612,0.801224946975708,125.29973730800155,0.9412583708763123,13th Gen Intel(R) Core(TM) i9-13900K,3592.0,120,/data/d1/fischer_diss/imagenet,Inference,12320535,4,Tensorflow 2.20.0,EfficientNetB3,ImageNet (ILSVRC 2012),4,PROJECT,https://github.com/raphischer/ai-energy-validation.git,magnificent-auk-427,conda,file:///home/fischer/repos/ai-energy-validation#experiments/imagenet,main.py,local,fischer,18d87126bd281286c450e330e54bf99edbf44806
0c3f92c43f1e4eefaa3bbcde41a7200c,203913141069193703,FINISHED,file:///home/fischer/repos/ai-energy-validation/mlruns/203913141069193703/0c3f92c43f1e4eefaa3bbcde41a7200c/artifacts,2025-09-11 12:18:00.107000+00:00,2025-09-11 12:20:56.309000+00:00,1.1832196814088278,1.0084117650985718,0.030120512684368418,4723.41296818404,0.7768036127090454,120.24108663599873,0.9316132068634033,13th Gen Intel(R) Core(TM) i9-13900K,3992.0,120,/data/d1/fischer_diss/imagenet,Inference,9177569,4,Tensorflow 2.20.0,EfficientNetB2,ImageNet (ILSVRC 2012),4,PROJECT,https://github.com/raphischer/ai-energy-validation.git,wistful-dolphin-824,conda,file:///home/fischer/repos/ai-energy-validation#experiments/imagenet,main.py,local,fischer,18d87126bd281286c450e330e54bf99edbf44806
862b45bddb7c470aaa8406e485dbe42a,203913141069193703,FINISHED,file:///home/fischer/repos/ai-energy-validation/mlruns/203913141069193703/862b45bddb7c470aaa8406e485dbe42a/artifacts,2025-09-11 12:15:11.600000+00:00,2025-09-11 12:17:56.815000+00:00,0.666747151715484,1.257709264755249,0.017671833109590942,4435.2020532114,0.7190318703651428,117.55303384499894,0.8967227935791016,13th Gen Intel(R) Core(TM) i9-13900K,6652.0,120,/data/d1/fischer_diss/imagenet,Inference,5330571,4,Tensorflow 2.20.0,EfficientNetB0,ImageNet (ILSVRC 2012),4,PROJECT,https://github.com/raphischer/ai-energy-validation.git,adaptable-perch-699,conda,file:///home/fischer/repos/ai-energy-validation#experiments/imagenet,main.py,local,fischer,18d87126bd281286c450e330e54bf99edbf44806
0c2b6f080f9248f8bc810dea5463d4f8,203913141069193703,FINISHED,file:///home/fischer/repos/ai-energy-validation/mlruns/203913141069193703/0c2b6f080f9248f8bc810dea5463d4f8/artifacts,2025-09-11 12:12:35.845000+00:00,2025-09-11 12:15:08.289000+00:00,0.3303007711089802,1.650435209274292,0.009399581777843023,3938.50639470348,0.6400536894798279,112.0806131190002,0.8387286067008972,13th Gen Intel(R) Core(TM) i9-13900K,11924.0,120,/data/d1/fischer_diss/imagenet,Inference,2554968,4,Tensorflow 2.20.0,MobileNetV3Small,ImageNet (ILSVRC 2012),4,PROJECT,https://github.com/raphischer/ai-energy-validation.git,enthused-cod-835,conda,file:///home/fischer/repos/ai-energy-validation#experiments/imagenet,main.py,local,fischer,18d87126bd281286c450e330e54bf99edbf44806
7475993239cc4dc9a1802704923ec65c,203913141069193703,FINISHED,file:///home/fischer/repos/ai-energy-validation/mlruns/203913141069193703/7475993239cc4dc9a1802704923ec65c/artifacts,2025-09-11 12:09:50.424000+00:00,2025-09-11 12:12:32.458000+00:00,0.5387890615240762,1.2885608673095703,0.015037010947632445,4187.4685861651205,0.7143592238426208,116.86764908499936,0.8937210440635681,13th Gen Intel(R) Core(TM) i9-13900K,7772.0,120,/data/d1/fischer_diss/imagenet,Inference,5507432,4,Tensorflow 2.20.0,MobileNetV3Large,ImageNet (ILSVRC 2012),4,PROJECT,https://github.com/raphischer/ai-energy-validation.git,upbeat-steed-209,conda,file:///home/fischer/repos/ai-energy-validation#experiments/imagenet,main.py,local,fischer,18d87126bd281286c450e330e54bf99edbf44806
f61a3d0fb321456ab26d941077f642cf,203913141069193703,FINISHED,file:///home/fischer/repos/ai-energy-validation/mlruns/203913141069193703/f61a3d0fb321456ab26d941077f642cf/artifacts,2025-09-11 12:07:05.032000+00:00,2025-09-11 12:09:47.089000+00:00,0.45918594864149515,1.7472175359725952,0.012099058672001709,4533.08368498884,0.6244935393333435,119.44190721000086,0.8291126489639282,13th Gen Intel(R) Core(TM) i9-13900K,9872.0,120,/data/d1/fischer_diss/imagenet,Inference,3538984,4,Tensorflow 2.20.0,MobileNetV2,ImageNet (ILSVRC 2012),4,PROJECT,https://github.com/raphischer/ai-energy-validation.git,legendary-ram-234,conda,file:///home/fischer/repos/ai-energy-validation#experiments/imagenet,main.py,local,fischer,18d87126bd281286c450e330e54bf99edbf44806
e6fff1faa295478b90ccc06bc7900c60,203913141069193703,FINISHED,file:///home/fischer/repos/ai-energy-validation/mlruns/203913141069193703/e6fff1faa295478b90ccc06bc7900c60/artifacts,2025-09-11 12:04:23.739000+00:00,2025-09-11 12:07:01.734000+00:00,0.4038369723289782,1.8168561458587646,0.00968044167737788,5026.9626315511205,0.613030195236206,120.50213799999985,0.8228631019592285,13th Gen Intel(R) Core(TM) i9-13900K,12448.0,120,/data/d1/fischer_diss/imagenet,Inference,4253864,4,Tensorflow 2.20.0,MobileNet,ImageNet (ILSVRC 2012),4,PROJECT,https://github.com/raphischer/ai-energy-validation.git,sneaky-steed-470,conda,file:///home/fischer/repos/ai-energy-validation#experiments/imagenet,main.py,local,fischer,18d87126bd281286c450e330e54bf99edbf44806
61316afba3604b1f8cd86638e48f2716,203913141069193703,FINISHED,file:///home/fischer/repos/ai-energy-validation/mlruns/203913141069193703/61316afba3604b1f8cd86638e48f2716/artifacts,2025-09-11 12:01:41.612000+00:00,2025-09-11 12:04:20.415000+00:00,2.568238842422262,1.0058733224868774,0.010260242198114765,30243.580608364562,0.7708050012588501,120.82461212499948,0.92994225025177,13th Gen Intel(R) Core(TM) i9-13900K,11776.0,120,/data/d1/fischer_diss/imagenet,Inference,23851784,4,Tensorflow 2.20.0,InceptionV3,ImageNet (ILSVRC 2012),4,PROJECT,https://github.com/raphischer/ai-energy-validation.git,vaunted-auk-23,conda,file:///home/fischer/repos/ai-energy-validation#experiments/imagenet,main.py,local,fischer,18d87126bd281286c450e330e54bf99edbf44806
575712cc23f3468b882cf16e0175e60a,203913141069193703,FINISHED,file:///home/fischer/repos/ai-energy-validation/mlruns/203913141069193703/575712cc23f3468b882cf16e0175e60a/artifacts,2025-09-11 11:58:52.903000+00:00,2025-09-11 12:01:38.382000+00:00,6.628254871158248,0.9268142580986023,0.027002453163761465,28899.19123824996,0.7878440618515015,117.73069579399998,0.9401376247406006,13th Gen Intel(R) Core(TM) i9-13900K,4360.0,120,/data/d1/fischer_diss/imagenet,Inference,55873736,4,Tensorflow 2.20.0,InceptionResNetV2,ImageNet (ILSVRC 2012),4,PROJECT,https://github.com/raphischer/ai-energy-validation.git,intrigued-snake-959,conda,file:///home/fischer/repos/ai-energy-validation#experiments/imagenet,main.py,local,fischer,18d87126bd281286c450e330e54bf99edbf44806
766545d8cd20408587f1012801f2afa9,203913141069193703,FINISHED,file:///home/fischer/repos/ai-energy-validation/mlruns/203913141069193703/766545d8cd20408587f1012801f2afa9/artifacts,2025-09-11 11:56:05.283000+00:00,2025-09-11 11:58:49.614000+00:00,5.828651513621163,1.7454893589019775,0.023741566810144377,29073.31374994236,0.6776263117790222,118.42293524900016,0.8712911009788513,13th Gen Intel(R) Core(TM) i9-13900K,4988.0,120,/data/d1/fischer_diss/imagenet,Inference,60380648,4,Tensorflow 2.20.0,ResNet152V2,ImageNet (ILSVRC 2012),4,PROJECT,https://github.com/raphischer/ai-energy-validation.git,flawless-gnu-1,conda,file:///home/fischer/repos/ai-energy-validation#experiments/imagenet,main.py,local,fischer,18d87126bd281286c450e330e54bf99edbf44806
22742dc7383d4d37ad1d29d1a5cc3794,203913141069193703,FINISHED,file:///home/fischer/repos/ai-energy-validation/mlruns/203913141069193703/22742dc7383d4d37ad1d29d1a5cc3794/artifacts,2025-09-11 11:53:24.859000+00:00,2025-09-11 11:56:02.005000+00:00,3.9462486797003438,1.7966959476470947,0.01605550928297637,28002.58063115364,0.6699548959732056,113.92989387200032,0.869222104549408,13th Gen Intel(R) Core(TM) i9-13900K,7096.0,120,/data/d1/fischer_diss/imagenet,Inference,44675560,4,Tensorflow 2.20.0,ResNet101V2,ImageNet (ILSVRC 2012),4,PROJECT,https://github.com/raphischer/ai-energy-validation.git,fun-frog-137,conda,file:///home/fischer/repos/ai-energy-validation#experiments/imagenet,main.py,local,fischer,18d87126bd281286c450e330e54bf99edbf44806
f8a5b7e3db1e4f06acbcae8b250f2347,203913141069193703,FINISHED,file:///home/fischer/repos/ai-energy-validation/mlruns/203913141069193703/f8a5b7e3db1e4f06acbcae8b250f2347/artifacts,2025-09-11 11:50:50.894000+00:00,2025-09-11 11:53:21.524000+00:00,1.6170828637933299,1.7645418643951416,0.009369184540036697,19346.7793824234,0.6589769124984741,112.09292383699903,0.8586593270301819,13th Gen Intel(R) Core(TM) i9-13900K,11964.0,120,/data/d1/fischer_diss/imagenet,Inference,25613800,4,Tensorflow 2.20.0,ResNet50V2,ImageNet (ILSVRC 2012),4,PROJECT,https://github.com/raphischer/ai-energy-validation.git,fortunate-bird-164,conda,file:///home/fischer/repos/ai-energy-validation#experiments/imagenet,main.py,local,fischer,18d87126bd281286c450e330e54bf99edbf44806
5f1b25f9deb14fe8adce7713f1c82925,203913141069193703,FINISHED,file:///home/fischer/repos/ai-energy-validation/mlruns/203913141069193703/5f1b25f9deb14fe8adce7713f1c82925/artifacts,2025-09-11 11:47:58.438000+00:00,2025-09-11 11:50:47.676000+00:00,6.052811059821964,1.2300341129302979,0.02434722638351794,30554.590229981277,0.7262282371520996,122.90479878399856,0.8999603986740112,13th Gen Intel(R) Core(TM) i9-13900K,5048.0,120,/data/d1/fischer_diss/imagenet,Inference,60419944,4,Tensorflow 2.20.0,ResNet152,ImageNet (ILSVRC 2012),4,PROJECT,https://github.com/raphischer/ai-energy-validation.git,big-pug-186,conda,file:///home/fischer/repos/ai-energy-validation#experiments/imagenet,main.py,local,fischer,18d87126bd281286c450e330e54bf99edbf44806
f8abc77a424e4501ab4bac404fc935ac,203913141069193703,FINISHED,file:///home/fischer/repos/ai-energy-validation/mlruns/203913141069193703/f8abc77a424e4501ab4bac404fc935ac/artifacts,2025-09-11 11:45:10.023000+00:00,2025-09-11 11:47:55.288000+00:00,4.089014777960793,1.272318720817566,0.016834184826312937,29898.87605644932,0.717040479183197,123.0915594500002,0.8949671983718872,13th Gen Intel(R) Core(TM) i9-13900K,7312.0,120,/data/d1/fischer_diss/imagenet,Inference,44707176,4,Tensorflow 2.20.0,ResNet101,ImageNet (ILSVRC 2012),4,PROJECT,https://github.com/raphischer/ai-energy-validation.git,rogue-sloth-441,conda,file:///home/fischer/repos/ai-energy-validation#experiments/imagenet,main.py,local,fischer,18d87126bd281286c450e330e54bf99edbf44806
ba5ff1e36b7c4f96ac22734fb142324f,203913141069193703,FINISHED,file:///home/fischer/repos/ai-energy-validation/mlruns/203913141069193703/ba5ff1e36b7c4f96ac22734fb142324f/artifacts,2025-09-11 11:42:23.342000+00:00,2025-09-11 11:45:06.809000+00:00,2.254889836381226,1.3357371091842651,0.00906902543623181,31117.479742060917,0.7002898454666138,125.152551019999,0.8842028975486755,13th Gen Intel(R) Core(TM) i9-13900K,13800.0,120,/data/d1/fischer_diss/imagenet,Inference,25636712,4,Tensorflow 2.20.0,ResNet50,ImageNet (ILSVRC 2012),4,PROJECT,https://github.com/raphischer/ai-energy-validation.git,merciful-wasp-82,conda,file:///home/fischer/repos/ai-energy-validation#experiments/imagenet,main.py,local,fischer,18d87126bd281286c450e330e54bf99edbf44806
9330268cc3274867af2f02ead986dcf4,203913141069193703,FINISHED,file:///home/fischer/repos/ai-energy-validation/mlruns/203913141069193703/9330268cc3274867af2f02ead986dcf4/artifacts,2025-09-11 11:39:25.290000+00:00,2025-09-11 11:42:20.122000+00:00,2.360117690158032,1.1918978691101074,0.04159363359664768,6617.770003203121,0.7253922820091248,116.6285486050001,0.8980028629302979,13th Gen Intel(R) Core(TM) i9-13900K,2804.0,120,/data/d1/fischer_diss/imagenet,Inference,20242984,4,Tensorflow 2.20.0,DenseNet201,ImageNet (ILSVRC 2012),4,PROJECT,https://github.com/raphischer/ai-energy-validation.git,stately-snipe-246,conda,file:///home/fischer/repos/ai-energy-validation#experiments/imagenet,main.py,local,fischer,18d87126bd281286c450e330e54bf99edbf44806
5816b7902e2847e4a1962f8d8f5cd3b8,203913141069193703,FINISHED,file:///home/fischer/repos/ai-energy-validation/mlruns/203913141069193703/5816b7902e2847e4a1962f8d8f5cd3b8/artifacts,2025-09-11 11:36:40.342000+00:00,2025-09-11 11:39:22.040000+00:00,1.4469075646513307,1.2888702154159546,0.028364261796528418,6001.77257817372,0.695274829864502,117.65495793199987,0.884281575679779,13th Gen Intel(R) Core(TM) i9-13900K,4148.0,120,/data/d1/fischer_diss/imagenet,Inference,8062504,4,Tensorflow 2.20.0,DenseNet121,ImageNet (ILSVRC 2012),4,PROJECT,https://github.com/raphischer/ai-energy-validation.git,nebulous-bat-410,conda,file:///home/fischer/repos/ai-energy-validation#experiments/imagenet,main.py,local,fischer,18d87126bd281286c450e330e54bf99edbf44806
ce110ddcf1e143d4ab6023f02c4500be,203913141069193703,FINISHED,file:///home/fischer/repos/ai-energy-validation/mlruns/203913141069193703/ce110ddcf1e143d4ab6023f02c4500be/artifacts,2025-09-11 11:33:56.669000+00:00,2025-09-11 11:36:37.105000+00:00,0.1836777769372113,0.9936731457710266,0.0006651563472672791,33970.1027778756,0.7770568132400513,123.01667548899968,0.9319794178009033,NVIDIA GeForce RTX 4090,184944.0,120,/data/d1/fischer_diss/imagenet,Inference,28589128,16,Tensorflow 2.20.0,ConvNeXtTiny,ImageNet (ILSVRC 2012),16,PROJECT,https://github.com/raphischer/ai-energy-validation.git,smiling-roo-166,conda,file:///home/fischer/repos/ai-energy-validation#experiments/imagenet,main.py,local,fischer,18d87126bd281286c450e330e54bf99edbf44806
ff567c1d4db04c16a61b0a4e30dc2c85,203913141069193703,FINISHED,file:///home/fischer/repos/ai-energy-validation/mlruns/203913141069193703/ff567c1d4db04c16a61b0a4e30dc2c85/artifacts,2025-09-11 11:31:05.302000+00:00,2025-09-11 11:33:53.548000+00:00,0.3029306553117883,0.9052027463912964,0.0012045540045994773,32008.8647628648,0.7915846705436707,127.27799434199916,0.939383327960968,NVIDIA GeForce RTX 4090,105664.0,120,/data/d1/fischer_diss/imagenet,Inference,50223688,16,Tensorflow 2.20.0,ConvNeXtSmall,ImageNet (ILSVRC 2012),16,PROJECT,https://github.com/raphischer/ai-energy-validation.git,fortunate-squid-359,conda,file:///home/fischer/repos/ai-energy-validation#experiments/imagenet,main.py,local,fischer,18d87126bd281286c450e330e54bf99edbf44806
24f790a8be3d44ff853a5cd7bd0db484,203913141069193703,FINISHED,file:///home/fischer/repos/ai-energy-validation/mlruns/203913141069193703/24f790a8be3d44ff853a5cd7bd0db484/artifacts,2025-09-11 11:28:13.543000+00:00,2025-09-11 11:31:02.080000+00:00,0.4070850986584596,0.7346768379211426,0.001525576560373471,33309.3311126298,0.8203461170196533,124.8287764759989,0.9576529860496521,NVIDIA GeForce RTX 4090,81824.0,120,/data/d1/fischer_diss/imagenet,Inference,88591464,16,Tensorflow 2.20.0,ConvNeXtBase,ImageNet (ILSVRC 2012),16,PROJECT,https://github.com/raphischer/ai-energy-validation.git,bald-fly-354,conda,file:///home/fischer/repos/ai-energy-validation#experiments/imagenet,main.py,local,fischer,18d87126bd281286c450e330e54bf99edbf44806
924ff51466ab4003b5281a8381ef4cb5,203913141069193703,FINISHED,file:///home/fischer/repos/ai-energy-validation/mlruns/203913141069193703/924ff51466ab4003b5281a8381ef4cb5/artifacts,2025-09-11 11:25:25.339000+00:00,2025-09-11 11:28:10.538000+00:00,0.3801399917506572,1.4177755117416382,0.001107241990342281,42825.05091066204,0.6676253080368042,124.737453664,0.8651914000511169,NVIDIA GeForce RTX 4090,112656.0,120,/data/d1/fischer_diss/imagenet,Inference,143667240,16,Tensorflow 2.20.0,VGG19,ImageNet (ILSVRC 2012),16,PROJECT,https://github.com/raphischer/ai-energy-validation.git,abundant-snake-677,conda,file:///home/fischer/repos/ai-energy-validation#experiments/imagenet,main.py,local,fischer,18d87126bd281286c450e330e54bf99edbf44806
d90a0e655bc34429959475b205d7d8ea,203913141069193703,FINISHED,file:///home/fischer/repos/ai-energy-validation/mlruns/203913141069193703/d90a0e655bc34429959475b205d7d8ea/artifacts,2025-09-11 11:22:41.782000+00:00,2025-09-11 11:25:22.226000+00:00,0.3051731846902156,1.4120566844940186,0.0008723190272704839,42177.37550966532,0.6706992387771606,120.56146812099904,0.8667370676994324,NVIDIA GeForce RTX 4090,138208.0,120,/data/d1/fischer_diss/imagenet,Inference,138357544,16,Tensorflow 2.20.0,VGG16,ImageNet (ILSVRC 2012),16,PROJECT,https://github.com/raphischer/ai-energy-validation.git,auspicious-fox-889,conda,file:///home/fischer/repos/ai-energy-validation#experiments/imagenet,main.py,local,fischer,18d87126bd281286c450e330e54bf99edbf44806
fefc620c46464c4dad0fa9d5cd4e8ffa,203913141069193703,FINISHED,file:///home/fischer/repos/ai-energy-validation/mlruns/203913141069193703/fefc620c46464c4dad0fa9d5cd4e8ffa/artifacts,2025-09-11 11:19:49.571000+00:00,2025-09-11 11:22:38.723000+00:00,0.32010765960542104,0.9769722819328308,0.0011838989354370426,33516.552391326004,0.7772195935249329,123.9589541360001,0.9349881410598755,NVIDIA GeForce RTX 4090,104704.0,120,/data/d1/fischer_diss/imagenet,Inference,22910480,16,Tensorflow 2.20.0,Xception,ImageNet (ILSVRC 2012),16,PROJECT,https://github.com/raphischer/ai-energy-validation.git,wistful-worm-719,conda,file:///home/fischer/repos/ai-energy-validation#experiments/imagenet,main.py,local,fischer,18d87126bd281286c450e330e54bf99edbf44806
f57128b990574d27b7526c25f92a3e30,203913141069193703,FINISHED,file:///home/fischer/repos/ai-energy-validation/mlruns/203913141069193703/f57128b990574d27b7526c25f92a3e30/artifacts,2025-09-11 11:16:40.068000+00:00,2025-09-11 11:19:46.557000+00:00,0.13085442537288258,1.3471821546554565,0.0009452914879792358,19659.568868021877,0.6957002282142639,142.02059315400038,0.8813498616218567,NVIDIA GeForce RTX 4090,150240.0,120,/data/d1/fischer_diss/imagenet,Inference,5326716,16,Tensorflow 2.20.0,NASNetMobile,ImageNet (ILSVRC 2012),16,PROJECT,https://github.com/raphischer/ai-energy-validation.git,gentle-stag-899,conda,file:///home/fischer/repos/ai-energy-validation#experiments/imagenet,main.py,local,fischer,18d87126bd281286c450e330e54bf99edbf44806
7f78b6b53b79402883fded08b5816051,203913141069193703,FINISHED,file:///home/fischer/repos/ai-energy-validation/mlruns/203913141069193703/7f78b6b53b79402883fded08b5816051/artifacts,2025-09-11 11:13:46.786000+00:00,2025-09-11 11:16:36.852000+00:00,0.371238714969983,0.718622088432312,0.0015972857889386524,28849.70301774732,0.8316218852996826,124.12827323000056,0.9634290933609009,NVIDIA GeForce RTX 4090,77712.0,120,/data/d1/fischer_diss/imagenet,Inference,21612360,16,Tensorflow 2.20.0,EfficientNetV2S,ImageNet (ILSVRC 2012),16,PROJECT,https://github.com/raphischer/ai-energy-validation.git,kindly-snake-727,conda,file:///home/fischer/repos/ai-energy-validation#experiments/imagenet,main.py,local,fischer,18d87126bd281286c450e330e54bf99edbf44806
d14584c89d0643f2a52bfa1147a56cca,203913141069193703,FINISHED,file:///home/fischer/repos/ai-energy-validation/mlruns/203913141069193703/d14584c89d0643f2a52bfa1147a56cca/artifacts,2025-09-11 11:10:59.419000+00:00,2025-09-11 11:13:43.607000+00:00,0.19579632942404954,0.8299130797386169,0.0009592504435914454,24942.88599798852,0.8051369190216064,122.20083251000142,0.9487094879150391,NVIDIA GeForce RTX 4090,127392.0,120,/data/d1/fischer_diss/imagenet,Inference,14467622,16,Tensorflow 2.20.0,EfficientNetV2B3,ImageNet (ILSVRC 2012),16,PROJECT,https://github.com/raphischer/ai-energy-validation.git,merciful-snake-279,conda,file:///home/fischer/repos/ai-energy-validation#experiments/imagenet,main.py,local,fischer,18d87126bd281286c450e330e54bf99edbf44806
32e1957e00f04285b19c6442682588de,203913141069193703,FINISHED,file:///home/fischer/repos/ai-energy-validation/mlruns/203913141069193703/32e1957e00f04285b19c6442682588de/artifacts,2025-09-11 11:07:59.713000+00:00,2025-09-11 11:10:55.891000+00:00,0.1393808000882297,0.9686644077301025,0.000737885165829126,25572.47415378768,0.7741453647613525,135.3812671450014,0.9300710558891296,NVIDIA GeForce RTX 4090,183472.0,120,/data/d1/fischer_diss/imagenet,Inference,10178374,16,Tensorflow 2.20.0,EfficientNetV2B2,ImageNet (ILSVRC 2012),16,PROJECT,https://github.com/raphischer/ai-energy-validation.git,worried-grub-18,conda,file:///home/fischer/repos/ai-energy-validation#experiments/imagenet,main.py,local,fischer,18d87126bd281286c450e330e54bf99edbf44806
073994d83baa4b9980bdcbb8c5816c8b,203913141069193703,FINISHED,file:///home/fischer/repos/ai-energy-validation/mlruns/203913141069193703/073994d83baa4b9980bdcbb8c5816c8b/artifacts,2025-09-11 11:04:33.847000+00:00,2025-09-11 11:07:56.531000+00:00,0.10952083476090667,1.0341293811798096,0.0006522185128725883,27395.97969043224,0.7586989998817444,163.14854768400073,0.9225565791130066,NVIDIA GeForce RTX 4090,250144.0,120,/data/d1/fischer_diss/imagenet,Inference,8212124,16,Tensorflow 2.20.0,EfficientNetV2B1,ImageNet (ILSVRC 2012),16,PROJECT,https://github.com/raphischer/ai-energy-validation.git,funny-lark-51,conda,file:///home/fischer/repos/ai-energy-validation#experiments/imagenet,main.py,local,fischer,18d87126bd281286c450e330e54bf99edbf44806
613d3e7865444819a3c466010f0f058a,203913141069193703,FINISHED,file:///home/fischer/repos/ai-energy-validation/mlruns/203913141069193703/613d3e7865444819a3c466010f0f058a/artifacts,2025-09-11 11:01:58.847000+00:00,2025-09-11 11:04:30.869000+00:00,0.09043628168065969,1.1301597356796265,0.0005296794919481614,19318.6367474958,0.7374775409698486,113.14801435199844,0.909885048866272,NVIDIA GeForce RTX 4090,213616.0,120,/data/d1/fischer_diss/imagenet,Inference,7200312,16,Tensorflow 2.20.0,EfficientNetV2B0,ImageNet (ILSVRC 2012),16,PROJECT,https://github.com/raphischer/ai-energy-validation.git,caring-gnu-384,conda,file:///home/fischer/repos/ai-energy-validation#experiments/imagenet,main.py,local,fischer,18d87126bd281286c450e330e54bf99edbf44806
b050f953f92e4e1c9ca3a213d3e58913,203913141069193703,FINISHED,file:///home/fischer/repos/ai-energy-validation/mlruns/203913141069193703/b050f953f92e4e1c9ca3a213d3e58913/artifacts,2025-09-11 10:59:07.469000+00:00,2025-09-11 11:01:55.812000+00:00,0.44944138853801147,0.8547437191009521,0.0018691969643997233,28721.102493133083,0.8219203948974609,119.44916281299992,0.9592357277870178,NVIDIA GeForce RTX 4090,63904.0,120,/data/d1/fischer_diss/imagenet,Inference,19466823,16,Tensorflow 2.20.0,EfficientNetB4,ImageNet (ILSVRC 2012),16,PROJECT,https://github.com/raphischer/ai-energy-validation.git,bold-goose-476,conda,file:///home/fischer/repos/ai-energy-validation#experiments/imagenet,main.py,local,fischer,18d87126bd281286c450e330e54bf99edbf44806
8653042f0c6e4bb1b2e2777736cdc199,203913141069193703,FINISHED,file:///home/fischer/repos/ai-energy-validation/mlruns/203913141069193703/8653042f0c6e4bb1b2e2777736cdc199/artifacts,2025-09-11 10:56:03.499000+00:00,2025-09-11 10:59:04.382000+00:00,0.2391896847220878,0.8815114498138428,0.0011334452451809045,29035.71420778368,0.8013378381729126,137.59118520300035,0.9473194479942322,NVIDIA GeForce RTX 4090,121392.0,120,/data/d1/fischer_diss/imagenet,Inference,12320535,16,Tensorflow 2.20.0,EfficientNetB3,ImageNet (ILSVRC 2012),16,PROJECT,https://github.com/raphischer/ai-energy-validation.git,invincible-owl-98,conda,file:///home/fischer/repos/ai-energy-validation#experiments/imagenet,main.py,local,fischer,18d87126bd281286c450e330e54bf99edbf44806
987a58196735462f940d9dfed25f7dd0,203913141069193703,FINISHED,file:///home/fischer/repos/ai-energy-validation/mlruns/203913141069193703/987a58196735462f940d9dfed25f7dd0/artifacts,2025-09-11 10:53:06.904000+00:00,2025-09-11 10:56:00.418000+00:00,0.1604542669815564,1.002236008644104,0.0007874406539358507,26833.08797585964,0.7714133858680725,131.68527543900018,0.931615948677063,NVIDIA GeForce RTX 4090,167232.0,120,/data/d1/fischer_diss/imagenet,Inference,9177569,16,Tensorflow 2.20.0,EfficientNetB2,ImageNet (ILSVRC 2012),16,PROJECT,https://github.com/raphischer/ai-energy-validation.git,overjoyed-frog-302,conda,file:///home/fischer/repos/ai-energy-validation#experiments/imagenet,main.py,local,fischer,18d87126bd281286c450e330e54bf99edbf44806
7307895f8571437683019bdc6ab97f08,203913141069193703,FINISHED,file:///home/fischer/repos/ai-energy-validation/mlruns/203913141069193703/7307895f8571437683019bdc6ab97f08/artifacts,2025-09-11 10:50:16.151000+00:00,2025-09-11 10:53:03.772000+00:00,0.09764363952241556,1.2702486515045166,0.0004887622974894452,25902.9046925064,0.7143659591674805,129.65886227800002,0.8943116664886475,NVIDIA GeForce RTX 4090,265280.0,120,/data/d1/fischer_diss/imagenet,Inference,5330571,16,Tensorflow 2.20.0,EfficientNetB0,ImageNet (ILSVRC 2012),16,PROJECT,https://github.com/raphischer/ai-energy-validation.git,respected-stoat-93,conda,file:///home/fischer/repos/ai-energy-validation#experiments/imagenet,main.py,local,fischer,18d87126bd281286c450e330e54bf99edbf44806
ea36d0be72af42bf89b5d19cf49a8279,203913141069193703,FINISHED,file:///home/fischer/repos/ai-energy-validation/mlruns/203913141069193703/ea36d0be72af42bf89b5d19cf49a8279/artifacts,2025-09-11 10:47:31.126000+00:00,2025-09-11 10:50:13.127000+00:00,0.06574706535757707,1.668290376663208,0.0003638524024381155,23034.61584215784,0.6321642398834229,127.47641689899864,0.8375690579414368,NVIDIA GeForce RTX 4090,350352.0,120,/data/d1/fischer_diss/imagenet,Inference,2554968,16,Tensorflow 2.20.0,MobileNetV3Small,ImageNet (ILSVRC 2012),16,PROJECT,https://github.com/raphischer/ai-energy-validation.git,sedate-bee-177,conda,file:///home/fischer/repos/ai-energy-validation#experiments/imagenet,main.py,local,fischer,18d87126bd281286c450e330e54bf99edbf44806
ad3568d91d91455dac7d2b9e0cdd55ae,203913141069193703,FINISHED,file:///home/fischer/repos/ai-energy-validation/mlruns/203913141069193703/ad3568d91d91455dac7d2b9e0cdd55ae/artifacts,2025-09-11 10:44:46.997000+00:00,2025-09-11 10:47:28.256000+00:00,0.07546642525364493,1.282555103302002,0.00041957149726883146,22381.530536025,0.7102125883102417,124.43483637400097,0.8928267955780029,NVIDIA GeForce RTX 4090,296576.0,120,/data/d1/fischer_diss/imagenet,Inference,5507432,16,Tensorflow 2.20.0,MobileNetV3Large,ImageNet (ILSVRC 2012),16,PROJECT,https://github.com/raphischer/ai-energy-validation.git,efficient-rat-684,conda,file:///home/fischer/repos/ai-energy-validation#experiments/imagenet,main.py,local,fischer,18d87126bd281286c450e330e54bf99edbf44806
ced6871a7a7348a8ae83e2d86f2e74b1,203913141069193703,FINISHED,file:///home/fischer/repos/ai-energy-validation/mlruns/203913141069193703/ced6871a7a7348a8ae83e2d86f2e74b1/artifacts,2025-09-11 10:41:56.458000+00:00,2025-09-11 10:44:43.980000+00:00,0.08589455970695557,1.7854630947113037,0.00039726252312472383,28114.320126803043,0.615547239780426,130.0287909689996,0.826896071434021,NVIDIA GeForce RTX 4090,327312.0,120,/data/d1/fischer_diss/imagenet,Inference,3538984,16,Tensorflow 2.20.0,MobileNetV2,ImageNet (ILSVRC 2012),16,PROJECT,https://github.com/raphischer/ai-energy-validation.git,dapper-koi-193,conda,file:///home/fischer/repos/ai-energy-validation#experiments/imagenet,main.py,local,fischer,18d87126bd281286c450e330e54bf99edbf44806
379dafe63aaa4c45857401357257b90f,203913141069193703,FINISHED,file:///home/fischer/repos/ai-energy-validation/mlruns/203913141069193703/379dafe63aaa4c45857401357257b90f/artifacts,2025-09-11 10:39:14.208000+00:00,2025-09-11 10:41:53.405000+00:00,0.0811454794285925,1.8117729425430298,0.00030179776485638035,33334.5629492658,0.6128359436988831,123.97852180300106,0.8222662806510925,NVIDIA GeForce RTX 4090,410800.0,120,/data/d1/fischer_diss/imagenet,Inference,4253864,16,Tensorflow 2.20.0,MobileNet,ImageNet (ILSVRC 2012),16,PROJECT,https://github.com/raphischer/ai-energy-validation.git,defiant-skunk-12,conda,file:///home/fischer/repos/ai-energy-validation#experiments/imagenet,main.py,local,fischer,18d87126bd281286c450e330e54bf99edbf44806
deef8252a5d04387907e72a69dcfe1a9,203913141069193703,FINISHED,file:///home/fischer/repos/ai-energy-validation/mlruns/203913141069193703/deef8252a5d04387907e72a69dcfe1a9/artifacts,2025-09-11 10:36:21.122000+00:00,2025-09-11 10:39:11.240000+00:00,0.19819175197009964,1.0381643772125244,0.0008691662859411194,30080.751347013844,0.7634342908859253,131.91858221499933,0.9266682267189026,NVIDIA GeForce RTX 4090,151776.0,120,/data/d1/fischer_diss/imagenet,Inference,23851784,16,Tensorflow 2.20.0,InceptionV3,ImageNet (ILSVRC 2012),16,PROJECT,https://github.com/raphischer/ai-energy-validation.git,amazing-hare-677,conda,file:///home/fischer/repos/ai-energy-validation#experiments/imagenet,main.py,local,fischer,18d87126bd281286c450e330e54bf99edbf44806
1e6da5b25f9b4fd1a8f1912da9e4afdc,203913141069193703,FINISHED,file:///home/fischer/repos/ai-energy-validation/mlruns/203913141069193703/1e6da5b25f9b4fd1a8f1912da9e4afdc/artifacts,2025-09-11 10:33:28.487000+00:00,2025-09-11 10:36:18.103000+00:00,0.4223757813487118,0.9099224805831909,0.0018796349434133809,27856.52753151024,0.7889373898506165,123.9656837879993,0.9427007436752319,NVIDIA GeForce RTX 4090,65952.0,120,/data/d1/fischer_diss/imagenet,Inference,55873736,16,Tensorflow 2.20.0,InceptionResNetV2,ImageNet (ILSVRC 2012),16,PROJECT,https://github.com/raphischer/ai-energy-validation.git,adorable-calf-101,conda,file:///home/fischer/repos/ai-energy-validation#experiments/imagenet,main.py,local,fischer,18d87126bd281286c450e330e54bf99edbf44806
8229cdf1fde240608471a19ba3bf71ec,203913141069193703,FINISHED,file:///home/fischer/repos/ai-energy-validation/mlruns/203913141069193703/8229cdf1fde240608471a19ba3bf71ec/artifacts,2025-09-11 10:30:40.742000+00:00,2025-09-11 10:33:25.522000+00:00,0.3824907417605682,1.7329721450805664,0.001592831255692562,29161.09415182572,0.6790267825126648,121.43745493400093,0.8718520402908325,NVIDIA GeForce RTX 4090,76240.0,120,/data/d1/fischer_diss/imagenet,Inference,60380648,16,Tensorflow 2.20.0,ResNet152V2,ImageNet (ILSVRC 2012),16,PROJECT,https://github.com/raphischer/ai-energy-validation.git,skillful-gnu-364,conda,file:///home/fischer/repos/ai-energy-validation#experiments/imagenet,main.py,local,fischer,18d87126bd281286c450e330e54bf99edbf44806
3f7837b2d4834f83aaddfc416bd19abb,203913141069193703,FINISHED,file:///home/fischer/repos/ai-energy-validation/mlruns/203913141069193703/3f7837b2d4834f83aaddfc416bd19abb/artifacts,2025-09-11 10:27:47.340000+00:00,2025-09-11 10:30:37.925000+00:00,0.2692383934886534,1.7868688106536865,0.0011255183371196547,31429.813102291442,0.6727830171585083,131.388508602,0.8695946335792542,NVIDIA GeForce RTX 4090,116736.0,120,/data/d1/fischer_diss/imagenet,Inference,44675560,16,Tensorflow 2.20.0,ResNet101V2,ImageNet (ILSVRC 2012),16,PROJECT,https://github.com/raphischer/ai-energy-validation.git,classy-wren-540,conda,file:///home/fischer/repos/ai-energy-validation#experiments/imagenet,main.py,local,fischer,18d87126bd281286c450e330e54bf99edbf44806
aa70a0e8388e40f39c850dad3ec779de,203913141069193703,FINISHED,file:///home/fischer/repos/ai-energy-validation/mlruns/203913141069193703/aa70a0e8388e40f39c850dad3ec779de/artifacts,2025-09-11 10:24:23.378000+00:00,2025-09-11 10:27:44.500000+00:00,0.1517652536666464,1.8035252094268799,0.000573059616911642,43943.9327296848,0.6513510346412659,165.93055819599977,0.8552591800689697,NVIDIA GeForce RTX 4090,289552.0,120,/data/d1/fischer_diss/imagenet,Inference,25613800,16,Tensorflow 2.20.0,ResNet50V2,ImageNet (ILSVRC 2012),16,PROJECT,https://github.com/raphischer/ai-energy-validation.git,colorful-bird-498,conda,file:///home/fischer/repos/ai-energy-validation#experiments/imagenet,main.py,local,fischer,18d87126bd281286c450e330e54bf99edbf44806
4303f19ad0cf432ea2ba84f67c403075,203913141069193703,FINISHED,file:///home/fischer/repos/ai-energy-validation/mlruns/203913141069193703/4303f19ad0cf432ea2ba84f67c403075/artifacts,2025-09-11 10:21:34.841000+00:00,2025-09-11 10:24:20.650000+00:00,0.4181524297130245,1.2303599119186401,0.0017558975316727765,29177.003935655997,0.7236872315406799,122.51950616999966,0.8997219800949097,NVIDIA GeForce RTX 4090,69776.0,120,/data/d1/fischer_diss/imagenet,Inference,60419944,16,Tensorflow 2.20.0,ResNet152,ImageNet (ILSVRC 2012),16,PROJECT,https://github.com/raphischer/ai-energy-validation.git,crawling-lark-436,conda,file:///home/fischer/repos/ai-energy-validation#experiments/imagenet,main.py,local,fischer,18d87126bd281286c450e330e54bf99edbf44806
23dfaad2e582496ea77b989287cf04ca,203913141069193703,FINISHED,file:///home/fischer/repos/ai-energy-validation/mlruns/203913141069193703/23dfaad2e582496ea77b989287cf04ca/artifacts,2025-09-11 10:18:48.560000+00:00,2025-09-11 10:21:31.960000+00:00,0.3070920593622224,1.2585127353668213,0.0013050882849851473,28940.35567429584,0.7176039814949036,122.99151997700028,0.8956812620162964,NVIDIA GeForce RTX 4090,94240.0,120,/data/d1/fischer_diss/imagenet,Inference,44707176,16,Tensorflow 2.20.0,ResNet101,ImageNet (ILSVRC 2012),16,PROJECT,https://github.com/raphischer/ai-energy-validation.git,able-lamb-519,conda,file:///home/fischer/repos/ai-energy-validation#experiments/imagenet,main.py,local,fischer,18d87126bd281286c450e330e54bf99edbf44806
63eec240a72248559db1c98423090577,203913141069193703,FINISHED,file:///home/fischer/repos/ai-energy-validation/mlruns/203913141069193703/63eec240a72248559db1c98423090577/artifacts,2025-09-11 10:15:44.058000+00:00,2025-09-11 10:18:45.698000+00:00,0.1857968287439715,1.3260860443115234,0.0006862131661989414,39591.0746433954,0.700715184211731,146.22379115900003,0.8853947520256042,NVIDIA GeForce RTX 4090,213088.0,120,/data/d1/fischer_diss/imagenet,Inference,25636712,16,Tensorflow 2.20.0,ResNet50,ImageNet (ILSVRC 2012),16,PROJECT,https://github.com/raphischer/ai-energy-validation.git,beautiful-rat-884,conda,file:///home/fischer/repos/ai-energy-validation#experiments/imagenet,main.py,local,fischer,18d87126bd281286c450e330e54bf99edbf44806
16e2b9da5be14e8f8440ce874a3fdd4a,203913141069193703,FINISHED,file:///home/fischer/repos/ai-energy-validation/mlruns/203913141069193703/16e2b9da5be14e8f8440ce874a3fdd4a/artifacts,2025-09-11 10:12:42.137000+00:00,2025-09-11 10:15:41.287000+00:00,0.2116850329286197,1.1743240356445312,0.0014137288722277323,19624.04929261476,0.7254918813705444,131.0583213709997,0.899551272392273,NVIDIA GeForce RTX 4090,92704.0,120,/data/d1/fischer_diss/imagenet,Inference,20242984,16,Tensorflow 2.20.0,DenseNet201,ImageNet (ILSVRC 2012),16,PROJECT,https://github.com/raphischer/ai-energy-validation.git,enchanting-wasp-216,conda,file:///home/fischer/repos/ai-energy-validation#experiments/imagenet,main.py,local,fischer,18d87126bd281286c450e330e54bf99edbf44806
cc64227b330f48be8ddd6f1f7b981baf,203913141069193703,FINISHED,file:///home/fischer/repos/ai-energy-validation/mlruns/203913141069193703/cc64227b330f48be8ddd6f1f7b981baf/artifacts,2025-09-11 10:09:45.849000+00:00,2025-09-11 10:12:39.194000+00:00,0.15217415948714058,1.2998528480529785,0.0008191187940027914,24861.60548037108,0.6925374865531921,133.82435208900006,0.882595956325531,NVIDIA GeForce RTX 4090,163376.0,120,/data/d1/fischer_diss/imagenet,Inference,8062504,16,Tensorflow 2.20.0,DenseNet121,ImageNet (ILSVRC 2012),16,PROJECT,https://github.com/raphischer/ai-energy-validation.git,honorable-mink-754,conda,file:///home/fischer/repos/ai-energy-validation#experiments/imagenet,main.py,local,fischer,18d87126bd281286c450e330e54bf99edbf44806
afd91d19cb3749b0bb7cf24a99339e8f,203913141069193703,FINISHED,file:///home/fischer/repos/ai-energy-validation/mlruns/203913141069193703/afd91d19cb3749b0bb7cf24a99339e8f/artifacts,2025-09-11 10:07:00.983000+00:00,2025-09-11 10:09:43.068000+00:00,0.22594367989943298,0.9923944473266602,0.0010419102198742495,27382.56645437208,0.7772212624549866,126.27118336700003,0.9320417046546936,NVIDIA GeForce RTX 4090,121192.0,120,/data/d1/fischer_diss/imagenet,Inference,28589128,4,Tensorflow 2.20.0,ConvNeXtTiny,ImageNet (ILSVRC 2012),4,PROJECT,https://github.com/raphischer/ai-energy-validation.git,invincible-steed-368,conda,file:///home/fischer/repos/ai-energy-validation#experiments/imagenet,main.py,local,fischer,18d87126bd281286c450e330e54bf99edbf44806
9275149ddd1f4f3885c04fcbd7ab7f5f,203913141069193703,FINISHED,file:///home/fischer/repos/ai-energy-validation/mlruns/203913141069193703/9275149ddd1f4f3885c04fcbd7ab7f5f/artifacts,2025-09-11 10:04:24.448000+00:00,2025-09-11 10:06:58.132000+00:00,0.39416552318881537,0.9064511656761169,0.0021308627745017165,21042.13228991172,0.7913045287132263,113.75397835399964,0.9392514824867249,NVIDIA GeForce RTX 4090,53384.0,120,/data/d1/fischer_diss/imagenet,Inference,50223688,4,Tensorflow 2.20.0,ConvNeXtSmall,ImageNet (ILSVRC 2012),4,PROJECT,https://github.com/raphischer/ai-energy-validation.git,sassy-owl-625,conda,file:///home/fischer/repos/ai-energy-validation#experiments/imagenet,main.py,local,fischer,18d87126bd281286c450e330e54bf99edbf44806
c59af6adb41c463b85d5d857a10ee4b7,203913141069193703,FINISHED,file:///home/fischer/repos/ai-energy-validation/mlruns/203913141069193703/c59af6adb41c463b85d5d857a10ee4b7/artifacts,2025-09-11 10:01:42.287000+00:00,2025-09-11 10:04:21.557000+00:00,0.5160263455771724,0.7363343238830566,0.0024252259478468405,24637.161843236518,0.8196841478347778,115.78998765399956,0.9578166604042053,NVIDIA GeForce RTX 4090,47744.0,120,/data/d1/fischer_diss/imagenet,Inference,88591464,4,Tensorflow 2.20.0,ConvNeXtBase,ImageNet (ILSVRC 2012),4,PROJECT,https://github.com/raphischer/ai-energy-validation.git,traveling-shrew-187,conda,file:///home/fischer/repos/ai-energy-validation#experiments/imagenet,main.py,local,fischer,18d87126bd281286c450e330e54bf99edbf44806
ae2ad5c57afa4de187de4dc133fdc3c8,203913141069193703,FINISHED,file:///home/fischer/repos/ai-energy-validation/mlruns/203913141069193703/ae2ad5c57afa4de187de4dc133fdc3c8/artifacts,2025-09-11 09:58:59.607000+00:00,2025-09-11 10:01:39.402000+00:00,0.44626056027225836,1.4175139665603638,0.00147530099795382,35331.34107787524,0.6676729321479797,116.80253060999983,0.8656090497970581,NVIDIA GeForce RTX 4090,79172.0,120,/data/d1/fischer_diss/imagenet,Inference,143667240,4,Tensorflow 2.20.0,VGG19,ImageNet (ILSVRC 2012),4,PROJECT,https://github.com/raphischer/ai-energy-validation.git,hilarious-zebra-95,conda,file:///home/fischer/repos/ai-energy-validation#experiments/imagenet,main.py,local,fischer,18d87126bd281286c450e330e54bf99edbf44806
8d567b6679d64ed29c407558297c94c5,203913141069193703,FINISHED,file:///home/fischer/repos/ai-energy-validation/mlruns/203913141069193703/8d567b6679d64ed29c407558297c94c5/artifacts,2025-09-11 09:56:21.703000+00:00,2025-09-11 09:58:56.873000+00:00,0.4109772985971382,1.4127939939498901,0.0011785958276815311,41181.56922862764,0.6702626347541809,118.10001631700015,0.8665921688079834,NVIDIA GeForce RTX 4090,100204.0,120,/data/d1/fischer_diss/imagenet,Inference,138357544,4,Tensorflow 2.20.0,VGG16,ImageNet (ILSVRC 2012),4,PROJECT,https://github.com/raphischer/ai-energy-validation.git,bold-yak-681,conda,file:///home/fischer/repos/ai-energy-validation#experiments/imagenet,main.py,local,fischer,18d87126bd281286c450e330e54bf99edbf44806
e8ddd2a5099241f2ad1a99503824c3f3,203913141069193703,FINISHED,file:///home/fischer/repos/ai-energy-validation/mlruns/203913141069193703/e8ddd2a5099241f2ad1a99503824c3f3/artifacts,2025-09-11 09:53:35.769000+00:00,2025-09-11 09:56:18.918000+00:00,0.37553308970278887,0.9749326109886169,0.0016734979606211518,27302.75775375156,0.7774950265884399,121.66999572900022,0.9353680610656738,NVIDIA GeForce RTX 4090,72704.0,120,/data/d1/fischer_diss/imagenet,Inference,22910480,4,Tensorflow 2.20.0,Xception,ImageNet (ILSVRC 2012),4,PROJECT,https://github.com/raphischer/ai-energy-validation.git,luxuriant-panda-120,conda,file:///home/fischer/repos/ai-energy-validation#experiments/imagenet,main.py,local,fischer,18d87126bd281286c450e330e54bf99edbf44806
99e79e017547449e813adcade02b8e01,203913141069193703,FINISHED,file:///home/fischer/repos/ai-energy-validation/mlruns/203913141069193703/99e79e017547449e813adcade02b8e01/artifacts,2025-09-11 09:50:24.299000+00:00,2025-09-11 09:53:33.129000+00:00,0.3260848060842538,1.3484456539154053,0.0030048211783167507,15730.331045504401,0.6952528953552246,144.95257364200006,0.8810323476791382,NVIDIA GeForce RTX 4090,48240.0,120,/data/d1/fischer_diss/imagenet,Inference,5326716,4,Tensorflow 2.20.0,NASNetMobile,ImageNet (ILSVRC 2012),4,PROJECT,https://github.com/raphischer/ai-energy-validation.git,rogue-lark-414,conda,file:///home/fischer/repos/ai-energy-validation#experiments/imagenet,main.py,local,fischer,18d87126bd281286c450e330e54bf99edbf44806
cefc371047af4cc48be325ab17729813,203913141069193703,FINISHED,file:///home/fischer/repos/ai-energy-validation/mlruns/203913141069193703/cefc371047af4cc48be325ab17729813/artifacts,2025-09-11 09:47:22.185000+00:00,2025-09-11 09:50:21.647000+00:00,0.4598478666011227,0.7200456857681274,0.0026786614090302833,23444.88363079164,0.8309273719787598,136.56887327799996,0.9637729525566101,NVIDIA GeForce RTX 4090,50984.0,120,/data/d1/fischer_diss/imagenet,Inference,21612360,4,Tensorflow 2.20.0,EfficientNetV2S,ImageNet (ILSVRC 2012),4,PROJECT,https://github.com/raphischer/ai-energy-validation.git,useful-bee-599,conda,file:///home/fischer/repos/ai-energy-validation#experiments/imagenet,main.py,local,fischer,18d87126bd281286c450e330e54bf99edbf44806
b0f8912386284c7190d7f05ee5945377,203913141069193703,FINISHED,file:///home/fischer/repos/ai-energy-validation/mlruns/203913141069193703/b0f8912386284c7190d7f05ee5945377/artifacts,2025-09-11 09:44:06.565000+00:00,2025-09-11 09:47:19.464000+00:00,0.2790256550799876,0.8290045857429504,0.0016946404088661734,25170.34629345552,0.8049618601799011,152.87012200299978,0.9486852884292603,NVIDIA GeForce RTX 4090,90208.0,120,/data/d1/fischer_diss/imagenet,Inference,14467622,4,Tensorflow 2.20.0,EfficientNetV2B3,ImageNet (ILSVRC 2012),4,PROJECT,https://github.com/raphischer/ai-energy-validation.git,funny-shrimp-69,conda,file:///home/fischer/repos/ai-energy-validation#experiments/imagenet,main.py,local,fischer,18d87126bd281286c450e330e54bf99edbf44806
3b3258d834e54ea88b123dd45f319a9d,203913141069193703,FINISHED,file:///home/fischer/repos/ai-energy-validation/mlruns/203913141069193703/3b3258d834e54ea88b123dd45f319a9d/artifacts,2025-09-11 09:40:54.630000+00:00,2025-09-11 09:44:03.869000+00:00,0.2231984729887989,0.9691700339317322,0.001567935180061008,21362.77224670392,0.7738319039344788,150.0702119539992,0.9301550388336182,NVIDIA GeForce RTX 4090,95712.0,120,/data/d1/fischer_diss/imagenet,Inference,10178374,4,Tensorflow 2.20.0,EfficientNetV2B2,ImageNet (ILSVRC 2012),4,PROJECT,https://github.com/raphischer/ai-energy-validation.git,burly-worm-855,conda,file:///home/fischer/repos/ai-energy-validation#experiments/imagenet,main.py,local,fischer,18d87126bd281286c450e330e54bf99edbf44806
72ea10e4afd34d61921d7fe8038f6d0c,203913141069193703,FINISHED,file:///home/fischer/repos/ai-energy-validation/mlruns/203913141069193703/72ea10e4afd34d61921d7fe8038f6d0c/artifacts,2025-09-11 09:38:10.064000+00:00,2025-09-11 09:40:51.895000+00:00,0.17718178381510213,1.0334389209747314,0.001064212462596263,20615.454910454762,0.7589985728263855,123.8232484480004,0.9224938154220581,NVIDIA GeForce RTX 4090,116352.0,120,/data/d1/fischer_diss/imagenet,Inference,8212124,4,Tensorflow 2.20.0,EfficientNetV2B1,ImageNet (ILSVRC 2012),4,PROJECT,https://github.com/raphischer/ai-energy-validation.git,upset-ant-508,conda,file:///home/fischer/repos/ai-energy-validation#experiments/imagenet,main.py,local,fischer,18d87126bd281286c450e330e54bf99edbf44806
0a99d1f82827402bbcf30fcd7e92b04b,203913141069193703,FINISHED,file:///home/fischer/repos/ai-energy-validation/mlruns/203913141069193703/0a99d1f82827402bbcf30fcd7e92b04b/artifacts,2025-09-11 09:35:49.653000+00:00,2025-09-11 09:38:07.333000+00:00,0.14821439255531962,1.1308709383010864,0.0009603085738508249,15515.67547026108,0.7372568845748901,100.52894274499975,0.9097665548324585,NVIDIA GeForce RTX 4090,104684.0,120,/data/d1/fischer_diss/imagenet,Inference,7200312,4,Tensorflow 2.20.0,EfficientNetV2B0,ImageNet (ILSVRC 2012),4,PROJECT,https://github.com/raphischer/ai-energy-validation.git,rogue-deer-138,conda,file:///home/fischer/repos/ai-energy-validation#experiments/imagenet,main.py,local,fischer,18d87126bd281286c450e330e54bf99edbf44806
5544a234fbed49a3994d43f52a899c32,203913141069193703,FINISHED,file:///home/fischer/repos/ai-energy-validation/mlruns/203913141069193703/5544a234fbed49a3994d43f52a899c32/artifacts,2025-09-11 09:33:09.512000+00:00,2025-09-11 09:35:46.977000+00:00,0.48564133877291354,0.8565046191215515,0.0026192448413602924,21135.1110633972,0.8217830657958984,113.98953549599992,0.9588235020637512,NVIDIA GeForce RTX 4090,43520.0,120,/data/d1/fischer_diss/imagenet,Inference,19466823,4,Tensorflow 2.20.0,EfficientNetB4,ImageNet (ILSVRC 2012),4,PROJECT,https://github.com/raphischer/ai-energy-validation.git,nervous-bear-683,conda,file:///home/fischer/repos/ai-energy-validation#experiments/imagenet,main.py,local,fischer,18d87126bd281286c450e330e54bf99edbf44806
237697816b954e8bb9e0e66c446e925c,203913141069193703,FINISHED,file:///home/fischer/repos/ai-energy-validation/mlruns/203913141069193703/237697816b954e8bb9e0e66c446e925c/artifacts,2025-09-11 09:30:25.544000+00:00,2025-09-11 09:33:06.869000+00:00,0.2936907200908538,0.8792274594306946,0.0018174126890494642,19428.22851545016,0.8018049597740173,120.22548420600016,0.94756019115448,NVIDIA GeForce RTX 4090,66152.0,120,/data/d1/fischer_diss/imagenet,Inference,12320535,4,Tensorflow 2.20.0,EfficientNetB3,ImageNet (ILSVRC 2012),4,PROJECT,https://github.com/raphischer/ai-energy-validation.git,beautiful-bug-549,conda,file:///home/fischer/repos/ai-energy-validation#experiments/imagenet,main.py,local,fischer,18d87126bd281286c450e330e54bf99edbf44806
17c499ecaeab4c9cbd08a3a94b93651d,203913141069193703,FINISHED,file:///home/fischer/repos/ai-energy-validation/mlruns/203913141069193703/17c499ecaeab4c9cbd08a3a94b93651d/artifacts,2025-09-11 09:27:28.871000+00:00,2025-09-11 09:30:23.002000+00:00,0.21814659778354006,1.0036572217941284,0.0013571911707388469,21624.43594508676,0.7709123492240906,134.53564637300042,0.9314623475074768,NVIDIA GeForce RTX 4090,99128.0,120,/data/d1/fischer_diss/imagenet,Inference,9177569,4,Tensorflow 2.20.0,EfficientNetB2,ImageNet (ILSVRC 2012),4,PROJECT,https://github.com/raphischer/ai-energy-validation.git,resilient-shrimp-42,conda,file:///home/fischer/repos/ai-energy-validation#experiments/imagenet,main.py,local,fischer,18d87126bd281286c450e330e54bf99edbf44806
03916477086449d7b658763756b561d8,203913141069193703,FINISHED,file:///home/fischer/repos/ai-energy-validation/mlruns/203913141069193703/03916477086449d7b658763756b561d8/artifacts,2025-09-11 09:23:50.757000+00:00,2025-09-11 09:27:26.280000+00:00,0.1442677998234055,1.270890712738037,0.0009228814750700537,28008.72772891524,0.7142173051834106,179.1719010960005,0.8942846655845642,NVIDIA GeForce RTX 4090,194144.0,120,/data/d1/fischer_diss/imagenet,Inference,5330571,4,Tensorflow 2.20.0,EfficientNetB0,ImageNet (ILSVRC 2012),4,PROJECT,https://github.com/raphischer/ai-energy-validation.git,beautiful-wren-201,conda,file:///home/fischer/repos/ai-energy-validation#experiments/imagenet,main.py,local,fischer,18d87126bd281286c450e330e54bf99edbf44806
eb36cf49107145878f96b26ea03915db,203913141069193703,FINISHED,file:///home/fischer/repos/ai-energy-validation/mlruns/203913141069193703/eb36cf49107145878f96b26ea03915db/artifacts,2025-09-11 09:20:51.540000+00:00,2025-09-11 09:23:48.130000+00:00,0.10350703768205717,1.6675773859024048,0.0005158104477884113,28717.8205908114,0.6324824690818787,143.11057711799913,0.8376452326774597,NVIDIA GeForce RTX 4090,277448.0,120,/data/d1/fischer_diss/imagenet,Inference,2554968,4,Tensorflow 2.20.0,MobileNetV3Small,ImageNet (ILSVRC 2012),4,PROJECT,https://github.com/raphischer/ai-energy-validation.git,persistent-bear-206,conda,file:///home/fischer/repos/ai-energy-validation#experiments/imagenet,main.py,local,fischer,18d87126bd281286c450e330e54bf99edbf44806
d6936d65d92543a490b265f34d2ac1bd,203913141069193703,FINISHED,file:///home/fischer/repos/ai-energy-validation/mlruns/203913141069193703/d6936d65d92543a490b265f34d2ac1bd/artifacts,2025-09-11 09:18:12.886000+00:00,2025-09-11 09:20:48.869000+00:00,0.11834788495854101,1.2820299863815308,0.000636311982336153,22391.41983415596,0.7104492783546448,120.39022705800016,0.8929069638252258,NVIDIA GeForce RTX 4090,189200.0,120,/data/d1/fischer_diss/imagenet,Inference,5507432,4,Tensorflow 2.20.0,MobileNetV3Large,ImageNet (ILSVRC 2012),4,PROJECT,https://github.com/raphischer/ai-energy-validation.git,popular-cow-350,conda,file:///home/fischer/repos/ai-energy-validation#experiments/imagenet,main.py,local,fischer,18d87126bd281286c450e330e54bf99edbf44806
97b1950c62fa4650a52dc82b9accebce,203913141069193703,FINISHED,file:///home/fischer/repos/ai-energy-validation/mlruns/203913141069193703/97b1950c62fa4650a52dc82b9accebce/artifacts,2025-09-11 09:15:24.231000+00:00,2025-09-11 09:18:10.194000+00:00,0.11893883941493232,1.7852423191070557,0.0005433493016989239,28465.394559496923,0.6154691576957703,130.03870167700006,0.8269529938697815,NVIDIA GeForce RTX 4090,239328.0,120,/data/d1/fischer_diss/imagenet,Inference,3538984,4,Tensorflow 2.20.0,MobileNetV2,ImageNet (ILSVRC 2012),4,PROJECT,https://github.com/raphischer/ai-energy-validation.git,legendary-fox-155,conda,file:///home/fischer/repos/ai-energy-validation#experiments/imagenet,main.py,local,fischer,18d87126bd281286c450e330e54bf99edbf44806
8ec704c9e4b943bc885c84bce3bde536,203913141069193703,FINISHED,file:///home/fischer/repos/ai-energy-validation/mlruns/203913141069193703/8ec704c9e4b943bc885c84bce3bde536/artifacts,2025-09-11 09:12:31.758000+00:00,2025-09-11 09:15:21.647000+00:00,0.10309869061674526,1.8114163875579834,0.000394416187460133,34912.51580092968,0.6128333806991577,133.56194239199976,0.8222997188568115,NVIDIA GeForce RTX 4090,338632.0,120,/data/d1/fischer_diss/imagenet,Inference,4253864,4,Tensorflow 2.20.0,MobileNet,ImageNet (ILSVRC 2012),4,PROJECT,https://github.com/raphischer/ai-energy-validation.git,skittish-shark-335,conda,file:///home/fischer/repos/ai-energy-validation#experiments/imagenet,main.py,local,fischer,18d87126bd281286c450e330e54bf99edbf44806
aa74af48df9740a8854e6652f82ef8bb,203913141069193703,FINISHED,file:///home/fischer/repos/ai-energy-validation/mlruns/203913141069193703/aa74af48df9740a8854e6652f82ef8bb/artifacts,2025-09-11 09:09:37.818000+00:00,2025-09-11 09:12:29.180000+00:00,0.2882611147057483,1.0355983972549438,0.0015509881755101148,25033.748245506,0.7640136480331421,134.69401711400042,0.9266616106033325,NVIDIA GeForce RTX 4090,86844.0,120,/data/d1/fischer_diss/imagenet,Inference,23851784,4,Tensorflow 2.20.0,InceptionV3,ImageNet (ILSVRC 2012),4,PROJECT,https://github.com/raphischer/ai-energy-validation.git,rambunctious-yak-391,conda,file:///home/fischer/repos/ai-energy-validation#experiments/imagenet,main.py,local,fischer,18d87126bd281286c450e330e54bf99edbf44806
17ad1d6463414a4c80f19063358bff83,203913141069193703,FINISHED,file:///home/fischer/repos/ai-energy-validation/mlruns/203913141069193703/17ad1d6463414a4c80f19063358bff83/artifacts,2025-09-11 09:06:50.582000+00:00,2025-09-11 09:09:35.414000+00:00,0.6666032311502302,0.9091272354125977,0.0037619251325638646,21195.31633765272,0.7892501950263977,119.61417151500063,0.9427915215492249,NVIDIA GeForce RTX 4090,31796.0,120,/data/d1/fischer_diss/imagenet,Inference,55873736,4,Tensorflow 2.20.0,InceptionResNetV2,ImageNet (ILSVRC 2012),4,PROJECT,https://github.com/raphischer/ai-energy-validation.git,worried-sheep-670,conda,file:///home/fischer/repos/ai-energy-validation#experiments/imagenet,main.py,local,fischer,18d87126bd281286c450e330e54bf99edbf44806
82fe952d8e6141f4b179da1aa3df602f,203913141069193703,FINISHED,file:///home/fischer/repos/ai-energy-validation/mlruns/203913141069193703/82fe952d8e6141f4b179da1aa3df602f/artifacts,2025-09-11 09:04:04.992000+00:00,2025-09-11 09:06:48.016000+00:00,0.6151772197581633,1.7283576726913452,0.003337188724301918,22119.31211362452,0.6797196865081787,119.99195777099976,0.872399628162384,NVIDIA GeForce RTX 4090,35956.0,120,/data/d1/fischer_diss/imagenet,Inference,60380648,4,Tensorflow 2.20.0,ResNet152V2,ImageNet (ILSVRC 2012),4,PROJECT,https://github.com/raphischer/ai-energy-validation.git,delightful-fowl-66,conda,file:///home/fischer/repos/ai-energy-validation#experiments/imagenet,main.py,local,fischer,18d87126bd281286c450e330e54bf99edbf44806
cec3c2e6d00f402abfe8408cb605b6a2,203913141069193703,FINISHED,file:///home/fischer/repos/ai-energy-validation/mlruns/203913141069193703/cec3c2e6d00f402abfe8408cb605b6a2/artifacts,2025-09-11 09:01:23.382000+00:00,2025-09-11 09:04:02.522000+00:00,0.43022077167184664,1.7851104736328125,0.0023007332521272467,22448.919865836957,0.6732273101806641,120.05226109599973,0.8697393536567688,NVIDIA GeForce RTX 4090,52180.0,120,/data/d1/fischer_diss/imagenet,Inference,44675560,4,Tensorflow 2.20.0,ResNet101V2,ImageNet (ILSVRC 2012),4,PROJECT,https://github.com/raphischer/ai-energy-validation.git,secretive-rook-257,conda,file:///home/fischer/repos/ai-energy-validation#experiments/imagenet,main.py,local,fischer,18d87126bd281286c450e330e54bf99edbf44806
f7f88d829e2c4f0d888616650134dc92,203913141069193703,FINISHED,file:///home/fischer/repos/ai-energy-validation/mlruns/203913141069193703/f7f88d829e2c4f0d888616650134dc92/artifacts,2025-09-11 08:58:25.484000+00:00,2025-09-11 09:01:20.980000+00:00,0.2383773972470786,1.803744912147522,0.0012150378906552223,27606.00962038968,0.6513453125953674,140.711108041,0.8554331064224243,NVIDIA GeForce RTX 4090,115808.0,120,/data/d1/fischer_diss/imagenet,Inference,25613800,4,Tensorflow 2.20.0,ResNet50V2,ImageNet (ILSVRC 2012),4,PROJECT,https://github.com/raphischer/ai-energy-validation.git,bold-sloth-35,conda,file:///home/fischer/repos/ai-energy-validation#experiments/imagenet,main.py,local,fischer,18d87126bd281286c450e330e54bf99edbf44806
9c12ccddd1d3465ebad65627219505a2,203913141069193703,FINISHED,file:///home/fischer/repos/ai-energy-validation/mlruns/203913141069193703/9c12ccddd1d3465ebad65627219505a2/artifacts,2025-09-11 08:55:38.815000+00:00,2025-09-11 08:58:23.153000+00:00,0.7798076677931581,1.2255381345748901,0.004208923122822289,22380.48006566364,0.7241811752319336,120.79609362499968,0.8993380069732666,NVIDIA GeForce RTX 4090,28700.0,120,/data/d1/fischer_diss/imagenet,Inference,60419944,4,Tensorflow 2.20.0,ResNet152,ImageNet (ILSVRC 2012),4,PROJECT,https://github.com/raphischer/ai-energy-validation.git,gregarious-robin-452,conda,file:///home/fischer/repos/ai-energy-validation#experiments/imagenet,main.py,local,fischer,18d87126bd281286c450e330e54bf99edbf44806
82883c4e8f574e3cbd290309117029fa,203913141069193703,FINISHED,file:///home/fischer/repos/ai-energy-validation/mlruns/203913141069193703/82883c4e8f574e3cbd290309117029fa/artifacts,2025-09-11 08:52:59.943000+00:00,2025-09-11 08:55:36.440000+00:00,0.5282820325423515,1.2591931819915771,0.0026129197334886656,23580.3968045604,0.7173581719398499,116.63028522400008,0.8955327272415161,NVIDIA GeForce RTX 4090,44636.0,120,/data/d1/fischer_diss/imagenet,Inference,44707176,4,Tensorflow 2.20.0,ResNet101,ImageNet (ILSVRC 2012),4,PROJECT,https://github.com/raphischer/ai-energy-validation.git,classy-mole-850,conda,file:///home/fischer/repos/ai-energy-validation#experiments/imagenet,main.py,local,fischer,18d87126bd281286c450e330e54bf99edbf44806
6201ee079e9e4d9ea268077082e55a6a,203913141069193703,FINISHED,file:///home/fischer/repos/ai-energy-validation/mlruns/203913141069193703/6201ee079e9e4d9ea268077082e55a6a/artifacts,2025-09-11 08:50:30.717000+00:00,2025-09-11 08:52:57.584000+00:00,0.2835259464209431,1.3268758058547974,0.0011329837320612844,28054.325346459478,0.7006306052207947,112.10647431999996,0.8852124214172363,NVIDIA GeForce RTX 4090,98948.0,120,/data/d1/fischer_diss/imagenet,Inference,25636712,4,Tensorflow 2.20.0,ResNet50,ImageNet (ILSVRC 2012),4,PROJECT,https://github.com/raphischer/ai-energy-validation.git,unequaled-jay-539,conda,file:///home/fischer/repos/ai-energy-validation#experiments/imagenet,main.py,local,fischer,18d87126bd281286c450e330e54bf99edbf44806
0e6957c9e94449a3b5607c6519934f1d,203913141069193703,FINISHED,file:///home/fischer/repos/ai-energy-validation/mlruns/203913141069193703/0e6957c9e94449a3b5607c6519934f1d/artifacts,2025-09-11 08:47:40.299000+00:00,2025-09-11 08:50:28.285000+00:00,0.39493750633567165,1.1766211986541748,0.0027274448237606577,17781.66628525728,0.7247912287712097,122.80047574499986,0.8992093205451965,NVIDIA GeForce RTX 4090,45024.0,120,/data/d1/fischer_diss/imagenet,Inference,20242984,4,Tensorflow 2.20.0,DenseNet201,ImageNet (ILSVRC 2012),4,PROJECT,https://github.com/raphischer/ai-energy-validation.git,aged-deer-874,conda,file:///home/fischer/repos/ai-energy-validation#experiments/imagenet,main.py,local,fischer,18d87126bd281286c450e330e54bf99edbf44806
2b9fc8d87b804a96aa3de02cb14a6ef1,203913141069193703,FINISHED,file:///home/fischer/repos/ai-energy-validation/mlruns/203913141069193703/2b9fc8d87b804a96aa3de02cb14a6ef1/artifacts,2025-09-11 08:44:47.289000+00:00,2025-09-11 08:47:37.567000+00:00,0.22567692710843204,1.2995303869247437,0.001334888095531255,20968.09465149864,0.69261234998703,124.02712273199997,0.8823510408401489,NVIDIA GeForce RTX 4090,92912.0,120,/data/d1/fischer_diss/imagenet,Inference,8062504,4,Tensorflow 2.20.0,DenseNet121,ImageNet (ILSVRC 2012),4,PROJECT,https://github.com/raphischer/ai-energy-validation.git,painted-fawn-802,conda,file:///home/fischer/repos/ai-energy-validation#experiments/imagenet,main.py,local,fischer,18d87126bd281286c450e330e54bf99edbf44806

